input	chunk	run	mode	bytes	alph_size	table_bits	payload_bits	total_bits	total_bytes	arith_bytes	ratio	encode_us	decode_us	ok
table.csv	0	0	tans-lit	1048576	41	1336	4763814	4765264	595658	596075	0.999300	29112	14665	1
table.csv	0	1	tans-lit	1048576	41	1336	4763814	4765264	595658	596075	0.999300	29324	14880	1
table.csv	0	2	tans-lit	1048576	41	1336	4763814	4765264	595658	596075	0.999300	29085	15007	1
table.csv	0	0	arith-lit	1048576	0	0	4768488	4768600	596075	596075	1.000000	19633	50593	1
table.csv	0	1	arith-lit	1048576	0	0	4768488	4768600	596075	596075	1.000000	19232	50727	1
table.csv	0	2	arith-lit	1048576	0	0	4768488	4768600	596075	596075	1.000000	18975	49399	1
table.csv	0	0	tans-tok	1048576	1013	32440	2356483	2421808	302726	297854	1.016357	8978	5120	1
table.csv	0	1	tans-tok	1048576	1013	32440	2356483	2421808	302726	297854	1.016357	9927	5035	1
table.csv	0	2	tans-tok	1048576	1013	32440	2356483	2421808	302726	297854	1.016357	8851	5024	1
table.csv	0	0	arith-tok	1048576	0	0	2349952	2382832	297854	297854	1.000000	6586	16160	1
table.csv	0	1	arith-tok	1048576	0	0	2349952	2382832	297854	297854	1.000000	6917	16079	1
table.csv	0	2	arith-tok	1048576	0	0	2349952	2382832	297854	297854	1.000000	6426	15975	1
table.csv	0	0	tans-recut	278969	256	8216	2204143	2212424	276553	278969	0.991340	10139	5583	1
table.csv	0	1	tans-recut	278969	256	8216	2204143	2212424	276553	278969	0.991340	10450	4701	1
table.csv	0	2	tans-recut	278969	256	8216	2204143	2212424	276553	278969	0.991340	9654	4420	1
table.csv	1	0	tans-lit	1048576	33	1080	4753591	4754784	594348	595149	0.998654	31562	13902	1
table.csv	1	1	tans-lit	1048576	33	1080	4753591	4754784	594348	595149	0.998654	28819	14085	1
table.csv	1	2	tans-lit	1048576	33	1080	4753591	4754784	594348	595149	0.998654	29165	14022	1
table.csv	1	0	arith-lit	1048576	0	0	4761080	4761192	595149	595149	1.000000	24431	55656	1
table.csv	1	1	arith-lit	1048576	0	0	4761080	4761192	595149	595149	1.000000	21886	55931	1
table.csv	1	2	arith-lit	1048576	0	0	4761080	4761192	595149	595149	1.000000	21818	56218	1
table.csv	1	0	tans-tok	1048576	960	30744	2317014	2380640	297580	293323	1.014513	9161	5455	1
table.csv	1	1	tans-tok	1048576	960	30744	2317014	2380640	297580	293323	1.014513	10282	5710	1
table.csv	1	2	tans-tok	1048576	960	30744	2317014	2380640	297580	293323	1.014513	9947	5652	1
table.csv	1	0	arith-tok	1048576	0	0	2313704	2346584	293323	293323	1.000000	6196	16034	1
table.csv	1	1	arith-tok	1048576	0	0	2313704	2346584	293323	293323	1.000000	6233	15380	1
table.csv	1	2	arith-tok	1048576	0	0	2313704	2346584	293323	293323	1.000000	6205	15362	1
table.csv	1	0	tans-recut	220356	256	8216	1723085	1731368	216421	220356	0.982143	7112	3029	1
table.csv	1	1	tans-recut	220356	256	8216	1723085	1731368	216421	220356	0.982143	6407	3050	1
table.csv	1	2	tans-recut	220356	256	8216	1723085	1731368	216421	220356	0.982143	6430	3093	1
table.csv	2	0	tans-lit	1048576	33	1080	4772917	4774112	596764	597552	0.998681	28823	13857	1
table.csv	2	1	tans-lit	1048576	33	1080	4772917	4774112	596764	597552	0.998681	29248	14419	1
table.csv	2	2	tans-lit	1048576	33	1080	4772917	4774112	596764	597552	0.998681	29550	14445	1
table.csv	2	0	arith-lit	1048576	0	0	4780304	4780416	597552	597552	1.000000	20005	53576	1
table.csv	2	1	arith-lit	1048576	0	0	4780304	4780416	597552	597552	1.000000	18932	50399	1
table.csv	2	2	arith-lit	1048576	0	0	4780304	4780416	597552	597552	1.000000	18708	51005	1
table.csv	2	0	tans-tok	1048576	965	30904	2240835	2304624	288078	283727	1.015335	10263	6224	1
table.csv	2	1	tans-tok	1048576	965	30904	2240835	2304624	288078	283727	1.015335	10479	7232	1
table.csv	2	2	tans-tok	1048576	965	30904	2240835	2304624	288078	283727	1.015335	10681	6229	1
table.csv	2	0	arith-tok	1048576	0	0	2236936	2269816	283727	283727	1.000000	6712	17477	1
table.csv	2	1	arith-tok	1048576	0	0	2236936	2269816	283727	283727	1.000000	8160	17900	1
table.csv	2	2	arith-tok	1048576	0	0	2236936	2269816	283727	283727	1.000000	7185	17319	1
table.csv	2	0	tans-recut	228717	256	8216	1802884	1811168	226396	228717	0.989852	6454	3098	1
table.csv	2	1	tans-recut	228717	256	8216	1802884	1811168	226396	228717	0.989852	6409	2986	1
table.csv	2	2	tans-recut	228717	256	8216	1802884	1811168	226396	228717	0.989852	6456	3025	1
table.csv	3	0	tans-lit	1048576	45	1464	4947842	4949424	618678	619161	0.999220	28762	12499	1
table.csv	3	1	tans-lit	1048576	45	1464	4947842	4949424	618678	619161	0.999220	30513	13407	1
table.csv	3	2	tans-lit	1048576	45	1464	4947842	4949424	618678	619161	0.999220	27085	12261	1
table.csv	3	0	arith-lit	1048576	0	0	4953176	4953288	619161	619161	1.000000	17820	50771	1
table.csv	3	1	arith-lit	1048576	0	0	4953176	4953288	619161	619161	1.000000	18266	50697	1
table.csv	3	2	arith-lit	1048576	0	0	4953176	4953288	619161	619161	1.000000	17955	51225	1
table.csv	3	0	tans-tok	1048576	881	28216	1113288	1174384	146798	143555	1.022591	5386	3256	1
table.csv	3	1	tans-tok	1048576	881	28216	1113288	1174384	146798	143555	1.022591	5715	3245	1
table.csv	3	2	tans-tok	1048576	881	28216	1113288	1174384	146798	143555	1.022591	5351	3319	1
table.csv	3	0	arith-tok	1048576	0	0	1115560	1148440	143555	143555	1.000000	3091	7574	1
table.csv	3	1	arith-tok	1048576	0	0	1115560	1148440	143555	143555	1.000000	3074	8226	1
table.csv	3	2	arith-tok	1048576	0	0	1115560	1148440	143555	143555	1.000000	3200	7536	1
table.csv	3	0	tans-recut	143555	256	8216	1146750	1155032	144379	143555	1.005740	4170	2594	1
table.csv	3	1	tans-recut	143555	256	8216	1146750	1155032	144379	143555	1.005740	4845	1905	1
table.csv	3	2	tans-recut	143555	256	8216	1146750	1155032	144379	143555	1.005740	4024	1840	1
table.csv	4	0	tans-lit	1048576	39	1272	4925738	4927128	615891	616649	0.998771	28097	13283	1
table.csv	4	1	tans-lit	1048576	39	1272	4925738	4927128	615891	616649	0.998771	27288	14089	1
table.csv	4	2	tans-lit	1048576	39	1272	4925738	4927128	615891	616649	0.998771	29373	13091	1
table.csv	4	0	arith-lit	1048576	0	0	4933080	4933192	616649	616649	1.000000	18451	51103	1
table.csv	4	1	arith-lit	1048576	0	0	4933080	4933192	616649	616649	1.000000	17586	51546	1
table.csv	4	2	arith-lit	1048576	0	0	4933080	4933192	616649	616649	1.000000	17877	51381	1
table.csv	4	0	tans-tok	1048576	839	26872	1067144	1126896	140862	137957	1.021057	4802	3096	1
table.csv	4	1	tans-tok	1048576	839	26872	1067144	1126896	140862	137957	1.021057	4994	3130	1
table.csv	4	2	tans-tok	1048576	839	26872	1067144	1126896	140862	137957	1.021057	4990	3038	1
table.csv	4	0	arith-tok	1048576	0	0	1070776	1103656	137957	137957	1.000000	2884	7230	1
table.csv	4	1	arith-tok	1048576	0	0	1070776	1103656	137957	137957	1.000000	2861	7774	1
table.csv	4	2	arith-tok	1048576	0	0	1070776	1103656	137957	137957	1.000000	3011	7261	1
table.csv	4	0	tans-recut	137957	256	8216	1101889	1110176	138772	137957	1.005908	4010	1772	1
table.csv	4	1	tans-recut	137957	256	8216	1101889	1110176	138772	137957	1.005908	3910	1769	1
table.csv	4	2	tans-recut	137957	256	8216	1101889	1110176	138772	137957	1.005908	3842	1768	1
table.csv	5	0	tans-lit	1048576	39	1272	4928179	4929568	616196	616958	0.998765	28476	13118	1
table.csv	5	1	tans-lit	1048576	39	1272	4928179	4929568	616196	616958	0.998765	28044	13303	1
table.csv	5	2	tans-lit	1048576	39	1272	4928179	4929568	616196	616958	0.998765	28310	13430	1
table.csv	5	0	arith-lit	1048576	0	0	4935552	4935664	616958	616958	1.000000	18234	50384	1
table.csv	5	1	arith-lit	1048576	0	0	4935552	4935664	616958	616958	1.000000	17567	50253	1
table.csv	5	2	arith-lit	1048576	0	0	4935552	4935664	616958	616958	1.000000	17584	50557	1
table.csv	5	0	tans-tok	1048576	873	27960	1107694	1168536	146067	142946	1.021833	4175	2551	1
table.csv	5	1	tans-tok	1048576	873	27960	1107694	1168536	146067	142946	1.021833	4239	2549	1
table.csv	5	2	tans-tok	1048576	873	27960	1107694	1168536	146067	142946	1.021833	4104	2550	1
table.csv	5	0	arith-tok	1048576	0	0	1110688	1143568	142946	142946	1.000000	3110	7712	1
table.csv	5	1	arith-tok	1048576	0	0	1110688	1143568	142946	142946	1.000000	3104	7595	1
table.csv	5	2	arith-tok	1048576	0	0	1110688	1143568	142946	142946	1.000000	3106	7593	1
table.csv	5	0	tans-recut	142946	256	8216	1141781	1150064	143758	142946	1.005680	7608	2095	1
table.csv	5	1	tans-recut	142946	256	8216	1141781	1150064	143758	142946	1.005680	4777	2160	1
table.csv	5	2	tans-recut	142946	256	8216	1141781	1150064	143758	142946	1.005680	4712	2189	1
table.csv	6	0	tans-lit	1048576	39	1272	4932450	4933840	616730	617489	0.998771	30467	15262	1
table.csv	6	1	tans-lit	1048576	39	1272	4932450	4933840	616730	617489	0.998771	32434	15010	1
table.csv	6	2	tans-lit	1048576	39	1272	4932450	4933840	616730	617489	0.998771	31412	15163	1
table.csv	6	0	arith-lit	1048576	0	0	4939800	4939912	617489	617489	1.000000	20887	54586	1
table.csv	6	1	arith-lit	1048576	0	0	4939800	4939912	617489	617489	1.000000	20532	55788	1
table.csv	6	2	arith-lit	1048576	0	0	4939800	4939912	617489	617489	1.000000	20091	53763	1
table.csv	6	0	tans-tok	1048576	886	28376	1090693	1151952	143994	140760	1.022975	4617	2836	1
table.csv	6	1	tans-tok	1048576	886	28376	1090693	1151952	143994	140760	1.022975	4810	2904	1
table.csv	6	2	tans-tok	1048576	886	28376	1090693	1151952	143994	140760	1.022975	4771	2929	1
table.csv	6	0	arith-tok	1048576	0	0	1093200	1126080	140760	140760	1.000000	3103	7920	1
table.csv	6	1	arith-tok	1048576	0	0	1093200	1126080	140760	140760	1.000000	3337	8063	1
table.csv	6	2	arith-tok	1048576	0	0	1093200	1126080	140760	140760	1.000000	3332	8123	1
table.csv	6	0	tans-recut	140760	256	8216	1124319	1132600	141575	140760	1.005790	4035	1843	1
table.csv	6	1	tans-recut	140760	256	8216	1124319	1132600	141575	140760	1.005790	4006	1855	1
table.csv	6	2	tans-recut	140760	256	8216	1124319	1132600	141575	140760	1.005790	3953	1804	1
table.csv	7	0	tans-lit	1048576	39	1272	4933056	4934440	616805	617575	0.998753	27536	13985	1
table.csv	7	1	tans-lit	1048576	39	1272	4933056	4934440	616805	617575	0.998753	30539	14598	1
table.csv	7	2	tans-lit	1048576	39	1272	4933056	4934440	616805	617575	0.998753	33930	14658	1
table.csv	7	0	arith-lit	1048576	0	0	4940488	4940600	617575	617575	1.000000	17481	50507	1
table.csv	7	1	arith-lit	1048576	0	0	4940488	4940600	617575	617575	1.000000	18042	50281	1
table.csv	7	2	arith-lit	1048576	0	0	4940488	4940600	617575	617575	1.000000	18207	50494	1
table.csv	7	0	tans-tok	1048576	884	28312	1111386	1172584	146573	143303	1.022819	4185	2521	1
table.csv	7	1	tans-tok	1048576	884	28312	1111386	1172584	146573	143303	1.022819	4626	2767	1
table.csv	7	2	tans-tok	1048576	884	28312	1111386	1172584	146573	143303	1.022819	4148	2527	1
table.csv	7	0	arith-tok	1048576	0	0	1113544	1146424	143303	143303	1.000000	2979	7413	1
table.csv	7	1	arith-tok	1048576	0	0	1113544	1146424	143303	143303	1.000000	2964	8091	1
table.csv	7	2	arith-tok	1048576	0	0	1113544	1146424	143303	143303	1.000000	2978	7530	1
table.csv	7	0	tans-recut	143303	256	8216	1144723	1153008	144126	143303	1.005743	4195	1877	1
table.csv	7	1	tans-recut	143303	256	8216	1144723	1153008	144126	143303	1.005743	4100	1884	1
table.csv	7	2	tans-recut	143303	256	8216	1144723	1153008	144126	143303	1.005743	4079	1873	1
table.csv	8	0	tans-lit	740233	39	1272	3481388	3482776	435347	435828	0.998896	19674	9289	1
table.csv	8	1	tans-lit	740233	39	1272	3481388	3482776	435347	435828	0.998896	19797	9222	1
table.csv	8	2	tans-lit	740233	39	1272	3481388	3482776	435347	435828	0.998896	19233	8908	1
table.csv	8	0	arith-lit	740233	0	0	3486512	3486624	435828	435828	1.000000	12476	36097	1
table.csv	8	1	arith-lit	740233	0	0	3486512	3486624	435828	435828	1.000000	12470	36198	1
table.csv	8	2	arith-lit	740233	0	0	3486512	3486624	435828	435828	1.000000	12478	36473	1
table.csv	8	0	tans-tok	740233	916	29336	777291	839512	104939	101692	1.031930	3052	1766	1
table.csv	8	1	tans-tok	740233	916	29336	777291	839512	104939	101692	1.031930	3003	1763	1
table.csv	8	2	tans-tok	740233	916	29336	777291	839512	104939	101692	1.031930	2977	1759	1
table.csv	8	0	arith-tok	740233	0	0	780656	813536	101692	101692	1.000000	2245	5408	1
table.csv	8	1	arith-tok	740233	0	0	780656	813536	101692	101692	1.000000	2246	5411	1
table.csv	8	2	arith-tok	740233	0	0	780656	813536	101692	101692	1.000000	2226	5391	1
table.csv	8	0	tans-recut	101692	256	8216	811126	819408	102426	101692	1.007218	2827	1378	1
table.csv	8	1	tans-recut	101692	256	8216	811126	819408	102426	101692	1.007218	2770	1368	1
table.csv	8	2	tans-recut	101692	256	8216	811126	819408	102426	101692	1.007218	2796	1367	1
large.txt	0	0	tans-lit	1048576	68	2200	4597706	4600024	575003	575255	0.999562	31063	15378	1
large.txt	0	1	tans-lit	1048576	68	2200	4597706	4600024	575003	575255	0.999562	29499	15623	1
large.txt	0	2	tans-lit	1048576	68	2200	4597706	4600024	575003	575255	0.999562	29251	15422	1
large.txt	0	0	arith-lit	1048576	0	0	4601928	4602040	575255	575255	1.000000	21563	51559	1
large.txt	0	1	arith-lit	1048576	0	0	4601928	4602040	575255	575255	1.000000	20526	52826	1
large.txt	0	2	arith-lit	1048576	0	0	4601928	4602040	575255	575255	1.000000	20989	52369	1
large.txt	0	0	tans-tok	1048576	919	29432	1938684	2001000	250125	246419	1.015039	7108	4027	1
large.txt	0	1	tans-tok	1048576	919	29432	1938684	2001000	250125	246419	1.015039	8567	4074	1
large.txt	0	2	tans-tok	1048576	919	29432	1938684	2001000	250125	246419	1.015039	7295	3974	1
large.txt	0	0	arith-tok	1048576	0	0	1938472	1971352	246419	246419	1.000000	5276	13452	1
large.txt	0	1	arith-tok	1048576	0	0	1938472	1971352	246419	246419	1.000000	5335	13388	1
large.txt	0	2	arith-tok	1048576	0	0	1938472	1971352	246419	246419	1.000000	6192	13329	1
large.txt	0	0	tans-recut	246419	256	8216	1970357	1978640	247330	246419	1.003697	8838	3856	1
large.txt	0	1	tans-recut	246419	256	8216	1970357	1978640	247330	246419	1.003697	8702	3763	1
large.txt	0	2	tans-recut	246419	256	8216	1970357	1978640	247330	246419	1.003697	10503	3896	1
large.txt	1	0	tans-lit	327353	68	2200	1435309	1437624	179703	179683	1.000111	9610	4878	1
large.txt	1	1	tans-lit	327353	68	2200	1435309	1437624	179703	179683	1.000111	10000	4911	1
large.txt	1	2	tans-lit	327353	68	2200	1435309	1437624	179703	179683	1.000111	9244	5137	1
large.txt	1	0	arith-lit	327353	0	0	1437352	1437464	179683	179683	1.000000	8245	19231	1
large.txt	1	1	arith-lit	327353	0	0	1437352	1437464	179683	179683	1.000000	7500	19211	1
large.txt	1	2	arith-lit	327353	0	0	1437352	1437464	179683	179683	1.000000	7598	18339	1
large.txt	1	0	tans-tok	327353	851	27256	589892	650032	81254	78385	1.036601	2250	1322	1
large.txt	1	1	tans-tok	327353	851	27256	589892	650032	81254	78385	1.036601	2397	1343	1
large.txt	1	2	tans-tok	327353	851	27256	589892	650032	81254	78385	1.036601	3505	1822	1
large.txt	1	0	arith-tok	327353	0	0	594200	627080	78385	78385	1.000000	1888	4894	1
large.txt	1	1	arith-tok	327353	0	0	594200	627080	78385	78385	1.000000	1908	4931	1
large.txt	1	2	arith-tok	327353	0	0	594200	627080	78385	78385	1.000000	1980	5158	1
large.txt	1	0	tans-recut	78385	256	8216	624892	633176	79147	78385	1.009721	2602	1284	1
large.txt	1	1	tans-recut	78385	256	8216	624892	633176	79147	78385	1.009721	2640	1320	1
large.txt	1	2	tans-recut	78385	256	8216	624892	633176	79147	78385	1.009721	2588	1340	1
random.bin	0	0	tans-lit	1048576	256	8216	8388583	8396912	1049614	1048913	1.000668	33380	14539	1
random.bin	0	1	tans-lit	1048576	256	8216	8388583	8396912	1049614	1048913	1.000668	34260	15048	1
random.bin	0	2	tans-lit	1048576	256	8216	8388583	8396912	1049614	1048913	1.000668	31966	14385	1
random.bin	0	0	arith-lit	1048576	0	0	8391192	8391304	1048913	1048913	1.000000	26070	55931	1
random.bin	0	1	arith-lit	1048576	0	0	8391192	8391304	1048913	1048913	1.000000	25341	56864	1
random.bin	0	2	arith-lit	1048576	0	0	8391192	8391304	1048913	1048913	1.000000	24776	55975	1
random.bin	0	0	tans-tok	1048576	1280	40984	8680319	8754184	1094273	1056356	1.035894	33699	15724	1
random.bin	0	1	tans-tok	1048576	1280	40984	8680319	8754184	1094273	1056356	1.035894	33396	15418	1
random.bin	0	2	tans-tok	1048576	1280	40984	8680319	8754184	1094273	1056356	1.035894	32864	15691	1
random.bin	0	0	arith-tok	1048576	0	0	8417968	8450848	1056356	1056356	1.000000	26989	64562	1
random.bin	0	1	arith-tok	1048576	0	0	8417968	8450848	1056356	1056356	1.000000	26907	64255	1
random.bin	0	2	arith-tok	1048576	0	0	8417968	8450848	1056356	1056356	1.000000	26293	64071	1
random.bin	0	0	tans-recut	1048582	256	8216	8388631	8396912	1049614	1048582	1.000984	32508	15132	1
random.bin	0	1	tans-recut	1048582	256	8216	8388631	8396912	1049614	1048582	1.000984	32442	15175	1
random.bin	0	2	tans-recut	1048582	256	8216	8388631	8396912	1049614	1048582	1.000984	32801	14990	1
in.bin	0	0	tans-lit	1048576	256	8216	8388583	8396912	1049614	1048913	1.000668	32117	14466	1
in.bin	0	1	tans-lit	1048576	256	8216	8388583	8396912	1049614	1048913	1.000668	33041	14260	1
in.bin	0	2	tans-lit	1048576	256	8216	8388583	8396912	1049614	1048913	1.000668	32513	14236	1
in.bin	0	0	arith-lit	1048576	0	0	8391192	8391304	1048913	1048913	1.000000	25598	55947	1
in.bin	0	1	arith-lit	1048576	0	0	8391192	8391304	1048913	1048913	1.000000	24068	54875	1
in.bin	0	2	arith-lit	1048576	0	0	8391192	8391304	1048913	1048913	1.000000	24175	54475	1
in.bin	0	0	tans-tok	1048576	1280	40984	8680319	8754184	1094273	1056356	1.035894	30113	12845	1
in.bin	0	1	tans-tok	1048576	1280	40984	8680319	8754184	1094273	1056356	1.035894	28844	13471	1
in.bin	0	2	tans-tok	1048576	1280	40984	8680319	8754184	1094273	1056356	1.035894	28714	13478	1
in.bin	0	0	arith-tok	1048576	0	0	8417968	8450848	1056356	1056356	1.000000	22760	60490	1
in.bin	0	1	arith-tok	1048576	0	0	8417968	8450848	1056356	1056356	1.000000	23327	60370	1
in.bin	0	2	arith-tok	1048576	0	0	8417968	8450848	1056356	1056356	1.000000	22867	60875	1
in.bin	0	0	tans-recut	1048582	256	8216	8388631	8396912	1049614	1048582	1.000984	28566	12698	1
in.bin	0	1	tans-recut	1048582	256	8216	8388631	8396912	1049614	1048582	1.000984	29303	12704	1
in.bin	0	2	tans-recut	1048582	256	8216	8388631	8396912	1049614	1048582	1.000984	29271	12420	1
z.zst	0	0	tans-lit	1048576	256	8216	8388583	8396912	1049614	1048912	1.000669	29899	11991	1
z.zst	0	1	tans-lit	1048576	256	8216	8388583	8396912	1049614	1048912	1.000669	29041	12588	1
z.zst	0	2	tans-lit	1048576	256	8216	8388583	8396912	1049614	1048912	1.000669	28773	12178	1
z.zst	0	0	arith-lit	1048576	0	0	8391184	8391296	1048912	1048912	1.000000	21884	52196	1
z.zst	0	1	arith-lit	1048576	0	0	8391184	8391296	1048912	1048912	1.000000	21493	51709	1
z.zst	0	2	arith-lit	1048576	0	0	8391184	8391296	1048912	1048912	1.000000	21525	54713	1
z.zst	0	0	tans-tok	1048576	1280	40984	8680293	8754160	1094270	1056356	1.035891	29699	13419	1
z.zst	0	1	tans-tok	1048576	1280	40984	8680293	8754160	1094270	1056356	1.035891	29760	13068	1
z.zst	0	2	tans-tok	1048576	1280	40984	8680293	8754160	1094270	1056356	1.035891	29460	13179	1
z.zst	0	0	arith-tok	1048576	0	0	8417968	8450848	1056356	1056356	1.000000	24467	60877	1
z.zst	0	1	arith-tok	1048576	0	0	8417968	8450848	1056356	1056356	1.000000	22827	60661	1
z.zst	0	2	arith-tok	1048576	0	0	8417968	8450848	1056356	1056356	1.000000	23357	60171	1
z.zst	0	0	tans-recut	1048582	256	8216	8388631	8396912	1049614	1048582	1.000984	29514	12734	1
z.zst	0	1	tans-recut	1048582	256	8216	8388631	8396912	1049614	1048582	1.000984	28559	13155	1
z.zst	0	2	tans-recut	1048582	256	8216	8388631	8396912	1049614	1048582	1.000984	28669	13173	1
z.zst	1	0	tans-lit	37	31	1016	192	1320	165	55	3.000000	220	204	1
z.zst	1	1	tans-lit	37	31	1016	192	1320	165	55	3.000000	209	202	1
z.zst	1	2	tans-lit	37	31	1016	192	1320	165	55	3.000000	205	201	1
z.zst	1	0	arith-lit	37	0	0	328	440	55	55	1.000000	6	5	1
z.zst	1	1	arith-lit	37	0	0	328	440	55	55	1.000000	3	4	1
z.zst	1	2	arith-lit	37	0	0	328	440	55	55	1.000000	3	4	1
z.zst	1	0	tans-tok	37	31	1016	192	1320	165	55	3.000000	209	202	1
z.zst	1	1	tans-tok	37	31	1016	192	1320	165	55	3.000000	204	200	1
z.zst	1	2	tans-tok	37	31	1016	192	1320	165	55	3.000000	206	200	1
z.zst	1	0	arith-tok	37	0	0	328	440	55	55	1.000000	4	5	1
z.zst	1	1	arith-tok	37	0	0	328	440	55	55	1.000000	3	4	1
z.zst	1	2	arith-tok	37	0	0	328	440	55	55	1.000000	3	4	1
z.zst	1	0	tans-recut	43	34	1112	225	1408	176	43	4.093023	220	215	1
z.zst	1	1	tans-recut	43	34	1112	225	1408	176	43	4.093023	210	204	1
z.zst	1	2	tans-recut	43	34	1112	225	1408	176	43	4.093023	211	203	1
