class	arch	file	bytes	chunks	run	lane	payload_bytes	replay_bytes	total_bytes	raw_bytes	delta_percent	changed_bytes	transform_ms	compress_ms	ok
archive	unknown	DrtmAuthTxt.wim	13227	1	0	raw-aahl	8930	0	8930	8930	0.000000	0	0	23	1
archive	unknown	DrtmAuthTxt.wim	13227	1	1	raw-aahl	8930	0	8930	8930	0.000000	0	0	23	1
archive	unknown	DrtmAuthTxt.wim	13227	1	2	raw-aahl	8930	0	8930	8930	0.000000	0	0	24	1
archive	unknown	DrtmAuthTxt.wim	13227	1	0	bcj-base0	8936	5	8941	8930	0.123180	129	0	23	1
archive	unknown	DrtmAuthTxt.wim	13227	1	1	bcj-base0	8936	5	8941	8930	0.123180	129	0	23	1
archive	unknown	DrtmAuthTxt.wim	13227	1	2	bcj-base0	8936	5	8941	8930	0.123180	129	0	23	1
archive	unknown	DrtmAuthTxt.wim	13227	1	0	bcj-x86	8943	5	8948	8930	0.201568	203	0	24	1
archive	unknown	DrtmAuthTxt.wim	13227	1	1	bcj-x86	8943	5	8948	8930	0.201568	203	0	25	1
archive	unknown	DrtmAuthTxt.wim	13227	1	2	bcj-x86	8943	5	8948	8930	0.201568	203	0	24	1
archive	unknown	DrtmAuthTxt.wim	13227	1	0	bcj-x64	8942	5	8947	8930	0.190370	193	0	25	1
archive	unknown	DrtmAuthTxt.wim	13227	1	1	bcj-x64	8942	5	8947	8930	0.190370	193	0	24	1
archive	unknown	DrtmAuthTxt.wim	13227	1	2	bcj-x64	8942	5	8947	8930	0.190370	193	0	24	1
archive	unknown	DrtmAuthTxt.wim	13227	1	0	xz-x86-9e	7852	0	7852	8930	-12.071669	0	0	23	1
archive	unknown	DrtmAuthTxt.wim	13227	1	0	zstd-x86-19	7792	0	7792	8930	-12.743561	0	0	13	1
archive	unknown	SecureBootUpdates/BucketConfidenceData.cab	10542	1	0	raw-aahl	8617	0	8617	8617	0.000000	0	0	25	1
archive	unknown	SecureBootUpdates/BucketConfidenceData.cab	10542	1	1	raw-aahl	8617	0	8617	8617	0.000000	0	0	24	1
archive	unknown	SecureBootUpdates/BucketConfidenceData.cab	10542	1	2	raw-aahl	8617	0	8617	8617	0.000000	0	0	25	1
archive	unknown	SecureBootUpdates/BucketConfidenceData.cab	10542	1	0	bcj-base0	8617	5	8622	8617	0.058025	115	0	24	1
archive	unknown	SecureBootUpdates/BucketConfidenceData.cab	10542	1	1	bcj-base0	8617	5	8622	8617	0.058025	115	0	25	1
archive	unknown	SecureBootUpdates/BucketConfidenceData.cab	10542	1	2	bcj-base0	8617	5	8622	8617	0.058025	115	0	24	1
archive	unknown	SecureBootUpdates/BucketConfidenceData.cab	10542	1	0	bcj-x86	8617	5	8622	8617	0.058025	177	0	24	1
archive	unknown	SecureBootUpdates/BucketConfidenceData.cab	10542	1	1	bcj-x86	8617	5	8622	8617	0.058025	177	0	25	1
archive	unknown	SecureBootUpdates/BucketConfidenceData.cab	10542	1	2	bcj-x86	8617	5	8622	8617	0.058025	177	0	24	1
archive	unknown	SecureBootUpdates/BucketConfidenceData.cab	10542	1	0	bcj-x64	8624	5	8629	8617	0.139260	170	0	26	1
archive	unknown	SecureBootUpdates/BucketConfidenceData.cab	10542	1	1	bcj-x64	8624	5	8629	8617	0.139260	170	0	27	1
archive	unknown	SecureBootUpdates/BucketConfidenceData.cab	10542	1	2	bcj-x64	8624	5	8629	8617	0.139260	170	0	28	1
archive	unknown	SecureBootUpdates/BucketConfidenceData.cab	10542	1	0	xz-x86-9e	7228	0	7228	8617	-16.119299	0	0	25	1
archive	unknown	SecureBootUpdates/BucketConfidenceData.cab	10542	1	0	zstd-x86-19	7215	0	7215	8617	-16.270164	0	0	13	1
archive	unknown	drivers/rtkhdasetting.zip	3849681	4	0	raw-aahl	3776699	0	3776699	3776699	0.000000	0	0	4721	1
archive	unknown	drivers/rtkhdasetting.zip	3849681	4	1	raw-aahl	3776699	0	3776699	3776699	0.000000	0	0	4799	1
archive	unknown	drivers/rtkhdasetting.zip	3849681	4	2	raw-aahl	3776699	0	3776699	3776699	0.000000	0	0	4623	1
archive	unknown	drivers/rtkhdasetting.zip	3849681	4	0	bcj-base0	3777454	5	3777459	3776699	0.020123	87933	16	4552	1
archive	unknown	drivers/rtkhdasetting.zip	3849681	4	1	bcj-base0	3777454	5	3777459	3776699	0.020123	87933	13	4803	1
archive	unknown	drivers/rtkhdasetting.zip	3849681	4	2	bcj-base0	3777454	5	3777459	3776699	0.020123	87933	15	4838	1
archive	unknown	drivers/rtkhdasetting.zip	3849681	4	0	bcj-x86	3777442	5	3777447	3776699	0.019806	96865	17	4863	1
archive	unknown	drivers/rtkhdasetting.zip	3849681	4	1	bcj-x86	3777442	5	3777447	3776699	0.019806	96865	16	4587	1
archive	unknown	drivers/rtkhdasetting.zip	3849681	4	2	bcj-x86	3777442	5	3777447	3776699	0.019806	96865	14	4612	1
archive	unknown	drivers/rtkhdasetting.zip	3849681	4	0	bcj-x64	3777579	5	3777584	3776699	0.023433	116619	16	4943	1
archive	unknown	drivers/rtkhdasetting.zip	3849681	4	1	bcj-x64	3777579	5	3777584	3776699	0.023433	116619	16	4938	1
archive	unknown	drivers/rtkhdasetting.zip	3849681	4	2	bcj-x64	3777579	5	3777584	3776699	0.023433	116619	16	4711	1
archive	unknown	drivers/rtkhdasetting.zip	3849681	4	0	xz-x86-9e	547948	0	547948	3776699	-85.491351	0	0	467	1
archive	unknown	drivers/rtkhdasetting.zip	3849681	4	0	zstd-x86-19	543320	0	543320	3776699	-85.613892	0	0	153	1
archive	unknown	spool/drivers/W32X86/PCC/prnms003.inf_x86_60589e1e769a15c6.cab	1162591	2	0	raw-aahl	1162603	0	1162603	1162603	0.000000	0	0	1	1
archive	unknown	spool/drivers/W32X86/PCC/prnms003.inf_x86_60589e1e769a15c6.cab	1162591	2	1	raw-aahl	1162603	0	1162603	1162603	0.000000	0	0	1	1
archive	unknown	spool/drivers/W32X86/PCC/prnms003.inf_x86_60589e1e769a15c6.cab	1162591	2	2	raw-aahl	1162603	0	1162603	1162603	0.000000	0	0	1	1
archive	unknown	spool/drivers/W32X86/PCC/prnms003.inf_x86_60589e1e769a15c6.cab	1162591	2	0	bcj-base0	1162603	5	1162608	1162603	0.000430	27360	4	1	1
archive	unknown	spool/drivers/W32X86/PCC/prnms003.inf_x86_60589e1e769a15c6.cab	1162591	2	1	bcj-base0	1162603	5	1162608	1162603	0.000430	27360	4	1	1
archive	unknown	spool/drivers/W32X86/PCC/prnms003.inf_x86_60589e1e769a15c6.cab	1162591	2	2	bcj-base0	1162603	5	1162608	1162603	0.000430	27360	4	1	1
archive	unknown	spool/drivers/W32X86/PCC/prnms003.inf_x86_60589e1e769a15c6.cab	1162591	2	0	bcj-x86	1162603	5	1162608	1162603	0.000430	30144	4	1	1
archive	unknown	spool/drivers/W32X86/PCC/prnms003.inf_x86_60589e1e769a15c6.cab	1162591	2	1	bcj-x86	1162603	5	1162608	1162603	0.000430	30144	4	1	1
archive	unknown	spool/drivers/W32X86/PCC/prnms003.inf_x86_60589e1e769a15c6.cab	1162591	2	2	bcj-x86	1162603	5	1162608	1162603	0.000430	30144	4	1	1
archive	unknown	spool/drivers/W32X86/PCC/prnms003.inf_x86_60589e1e769a15c6.cab	1162591	2	0	bcj-x64	1162603	5	1162608	1162603	0.000430	36250	4	1	1
archive	unknown	spool/drivers/W32X86/PCC/prnms003.inf_x86_60589e1e769a15c6.cab	1162591	2	1	bcj-x64	1162603	5	1162608	1162603	0.000430	36250	4	1	1
archive	unknown	spool/drivers/W32X86/PCC/prnms003.inf_x86_60589e1e769a15c6.cab	1162591	2	2	bcj-x64	1162603	5	1162608	1162603	0.000430	36250	4	1	1
archive	unknown	spool/drivers/W32X86/PCC/prnms003.inf_x86_60589e1e769a15c6.cab	1162591	2	0	xz-x86-9e	1159944	0	1159944	1162603	-0.228711	0	0	268	1
archive	unknown	spool/drivers/W32X86/PCC/prnms003.inf_x86_60589e1e769a15c6.cab	1162591	2	0	zstd-x86-19	1159222	0	1159222	1162603	-0.290813	0	0	129	1
archive	unknown	spool/drivers/x64/PCC/anydeskprintdriver.inf_amd64_c69295146af7a90e.cab	169693	1	0	raw-aahl	169699	0	169699	169699	0.000000	0	0	0	1
archive	unknown	spool/drivers/x64/PCC/anydeskprintdriver.inf_amd64_c69295146af7a90e.cab	169693	1	1	raw-aahl	169699	0	169699	169699	0.000000	0	0	0	1
archive	unknown	spool/drivers/x64/PCC/anydeskprintdriver.inf_amd64_c69295146af7a90e.cab	169693	1	2	raw-aahl	169699	0	169699	169699	0.000000	0	0	0	1
archive	unknown	spool/drivers/x64/PCC/anydeskprintdriver.inf_amd64_c69295146af7a90e.cab	169693	1	0	bcj-base0	169699	5	169704	169699	0.002946	3764	0	0	1
archive	unknown	spool/drivers/x64/PCC/anydeskprintdriver.inf_amd64_c69295146af7a90e.cab	169693	1	1	bcj-base0	169699	5	169704	169699	0.002946	3764	0	0	1
archive	unknown	spool/drivers/x64/PCC/anydeskprintdriver.inf_amd64_c69295146af7a90e.cab	169693	1	2	bcj-base0	169699	5	169704	169699	0.002946	3764	0	0	1
archive	unknown	spool/drivers/x64/PCC/anydeskprintdriver.inf_amd64_c69295146af7a90e.cab	169693	1	0	bcj-x86	169699	5	169704	169699	0.002946	4350	0	0	1
archive	unknown	spool/drivers/x64/PCC/anydeskprintdriver.inf_amd64_c69295146af7a90e.cab	169693	1	1	bcj-x86	169699	5	169704	169699	0.002946	4350	0	0	1
archive	unknown	spool/drivers/x64/PCC/anydeskprintdriver.inf_amd64_c69295146af7a90e.cab	169693	1	2	bcj-x86	169699	5	169704	169699	0.002946	4350	0	0	1
archive	unknown	spool/drivers/x64/PCC/anydeskprintdriver.inf_amd64_c69295146af7a90e.cab	169693	1	0	bcj-x64	169699	5	169704	169699	0.002946	5096	0	0	1
archive	unknown	spool/drivers/x64/PCC/anydeskprintdriver.inf_amd64_c69295146af7a90e.cab	169693	1	1	bcj-x64	169699	5	169704	169699	0.002946	5096	0	0	1
archive	unknown	spool/drivers/x64/PCC/anydeskprintdriver.inf_amd64_c69295146af7a90e.cab	169693	1	2	bcj-x64	169699	5	169704	169699	0.002946	5096	0	0	1
archive	unknown	spool/drivers/x64/PCC/anydeskprintdriver.inf_amd64_c69295146af7a90e.cab	169693	1	0	xz-x86-9e	169768	0	169768	169699	0.040660	0	0	67	1
archive	unknown	spool/drivers/x64/PCC/anydeskprintdriver.inf_amd64_c69295146af7a90e.cab	169693	1	0	zstd-x86-19	169385	0	169385	169699	-0.185034	0	0	24	1
archive	unknown	spool/drivers/x64/PCC/prnge001.inf_amd64_c9bde63301aec628.cab	71436	1	0	raw-aahl	71442	0	71442	71442	0.000000	0	0	0	1
archive	unknown	spool/drivers/x64/PCC/prnge001.inf_amd64_c9bde63301aec628.cab	71436	1	1	raw-aahl	71442	0	71442	71442	0.000000	0	0	0	1
archive	unknown	spool/drivers/x64/PCC/prnge001.inf_amd64_c9bde63301aec628.cab	71436	1	2	raw-aahl	71442	0	71442	71442	0.000000	0	0	0	1
archive	unknown	spool/drivers/x64/PCC/prnge001.inf_amd64_c9bde63301aec628.cab	71436	1	0	bcj-base0	71442	5	71447	71442	0.006999	1436	0	0	1
archive	unknown	spool/drivers/x64/PCC/prnge001.inf_amd64_c9bde63301aec628.cab	71436	1	1	bcj-base0	71442	5	71447	71442	0.006999	1436	0	0	1
archive	unknown	spool/drivers/x64/PCC/prnge001.inf_amd64_c9bde63301aec628.cab	71436	1	2	bcj-base0	71442	5	71447	71442	0.006999	1436	0	0	1
archive	unknown	spool/drivers/x64/PCC/prnge001.inf_amd64_c9bde63301aec628.cab	71436	1	0	bcj-x86	71442	5	71447	71442	0.006999	1863	0	0	1
archive	unknown	spool/drivers/x64/PCC/prnge001.inf_amd64_c9bde63301aec628.cab	71436	1	1	bcj-x86	71442	5	71447	71442	0.006999	1863	0	0	1
archive	unknown	spool/drivers/x64/PCC/prnge001.inf_amd64_c9bde63301aec628.cab	71436	1	2	bcj-x86	71442	5	71447	71442	0.006999	1863	0	0	1
archive	unknown	spool/drivers/x64/PCC/prnge001.inf_amd64_c9bde63301aec628.cab	71436	1	0	bcj-x64	71442	5	71447	71442	0.006999	2001	0	0	1
archive	unknown	spool/drivers/x64/PCC/prnge001.inf_amd64_c9bde63301aec628.cab	71436	1	1	bcj-x64	71442	5	71447	71442	0.006999	2001	0	0	1
archive	unknown	spool/drivers/x64/PCC/prnge001.inf_amd64_c9bde63301aec628.cab	71436	1	2	bcj-x64	71442	5	71447	71442	0.006999	2001	0	0	1
archive	unknown	spool/drivers/x64/PCC/prnge001.inf_amd64_c9bde63301aec628.cab	71436	1	0	xz-x86-9e	71508	0	71508	71442	0.092383	0	0	50	1
archive	unknown	spool/drivers/x64/PCC/prnge001.inf_amd64_c9bde63301aec628.cab	71436	1	0	zstd-x86-19	70998	0	70998	71442	-0.621483	0	0	15	1
archive	unknown	spool/drivers/x64/PCC/prnms001.inf_amd64_7f3c60b255c53241.cab	13614	1	0	raw-aahl	13620	0	13620	13620	0.000000	0	0	0	1
archive	unknown	spool/drivers/x64/PCC/prnms001.inf_amd64_7f3c60b255c53241.cab	13614	1	1	raw-aahl	13620	0	13620	13620	0.000000	0	0	0	1
archive	unknown	spool/drivers/x64/PCC/prnms001.inf_amd64_7f3c60b255c53241.cab	13614	1	2	raw-aahl	13620	0	13620	13620	0.000000	0	0	0	1
archive	unknown	spool/drivers/x64/PCC/prnms001.inf_amd64_7f3c60b255c53241.cab	13614	1	0	bcj-base0	13620	5	13625	13620	0.036711	217	0	0	1
archive	unknown	spool/drivers/x64/PCC/prnms001.inf_amd64_7f3c60b255c53241.cab	13614	1	1	bcj-base0	13620	5	13625	13620	0.036711	217	0	0	1
archive	unknown	spool/drivers/x64/PCC/prnms001.inf_amd64_7f3c60b255c53241.cab	13614	1	2	bcj-base0	13620	5	13625	13620	0.036711	217	0	0	1
archive	unknown	spool/drivers/x64/PCC/prnms001.inf_amd64_7f3c60b255c53241.cab	13614	1	0	bcj-x86	13620	5	13625	13620	0.036711	333	0	0	1
archive	unknown	spool/drivers/x64/PCC/prnms001.inf_amd64_7f3c60b255c53241.cab	13614	1	1	bcj-x86	13620	5	13625	13620	0.036711	333	0	0	1
archive	unknown	spool/drivers/x64/PCC/prnms001.inf_amd64_7f3c60b255c53241.cab	13614	1	2	bcj-x86	13620	5	13625	13620	0.036711	333	0	0	1
archive	unknown	spool/drivers/x64/PCC/prnms001.inf_amd64_7f3c60b255c53241.cab	13614	1	0	bcj-x64	13620	5	13625	13620	0.036711	322	0	0	1
archive	unknown	spool/drivers/x64/PCC/prnms001.inf_amd64_7f3c60b255c53241.cab	13614	1	1	bcj-x64	13620	5	13625	13620	0.036711	322	0	0	1
archive	unknown	spool/drivers/x64/PCC/prnms001.inf_amd64_7f3c60b255c53241.cab	13614	1	2	bcj-x64	13620	5	13625	13620	0.036711	322	0	0	1
archive	unknown	spool/drivers/x64/PCC/prnms001.inf_amd64_7f3c60b255c53241.cab	13614	1	0	xz-x86-9e	13684	0	13684	13620	0.469897	0	0	31	1
archive	unknown	spool/drivers/x64/PCC/prnms001.inf_amd64_7f3c60b255c53241.cab	13614	1	0	zstd-x86-19	13549	0	13549	13620	-0.521292	0	0	11	1
archive	unknown	spool/drivers/x64/PCC/prnms003.inf_amd64_fe878017f474877a.cab	1409699	2	0	raw-aahl	1409711	0	1409711	1409711	0.000000	0	0	1	1
archive	unknown	spool/drivers/x64/PCC/prnms003.inf_amd64_fe878017f474877a.cab	1409699	2	1	raw-aahl	1409711	0	1409711	1409711	0.000000	0	0	1	1
archive	unknown	spool/drivers/x64/PCC/prnms003.inf_amd64_fe878017f474877a.cab	1409699	2	2	raw-aahl	1409711	0	1409711	1409711	0.000000	0	0	2	1
archive	unknown	spool/drivers/x64/PCC/prnms003.inf_amd64_fe878017f474877a.cab	1409699	2	0	bcj-base0	1409711	5	1409716	1409711	0.000355	33086	7	1	1
archive	unknown	spool/drivers/x64/PCC/prnms003.inf_amd64_fe878017f474877a.cab	1409699	2	1	bcj-base0	1409711	5	1409716	1409711	0.000355	33086	6	1	1
archive	unknown	spool/drivers/x64/PCC/prnms003.inf_amd64_fe878017f474877a.cab	1409699	2	2	bcj-base0	1409711	5	1409716	1409711	0.000355	33086	6	1	1
archive	unknown	spool/drivers/x64/PCC/prnms003.inf_amd64_fe878017f474877a.cab	1409699	2	0	bcj-x86	1409711	5	1409716	1409711	0.000355	36501	8	2	1
archive	unknown	spool/drivers/x64/PCC/prnms003.inf_amd64_fe878017f474877a.cab	1409699	2	1	bcj-x86	1409711	5	1409716	1409711	0.000355	36501	6	1	1
archive	unknown	spool/drivers/x64/PCC/prnms003.inf_amd64_fe878017f474877a.cab	1409699	2	2	bcj-x86	1409711	5	1409716	1409711	0.000355	36501	6	1	1
archive	unknown	spool/drivers/x64/PCC/prnms003.inf_amd64_fe878017f474877a.cab	1409699	2	0	bcj-x64	1409711	5	1409716	1409711	0.000355	43843	6	1	1
archive	unknown	spool/drivers/x64/PCC/prnms003.inf_amd64_fe878017f474877a.cab	1409699	2	1	bcj-x64	1409711	5	1409716	1409711	0.000355	43843	6	1	1
archive	unknown	spool/drivers/x64/PCC/prnms003.inf_amd64_fe878017f474877a.cab	1409699	2	2	bcj-x64	1409711	5	1409716	1409711	0.000355	43843	6	1	1
archive	unknown	spool/drivers/x64/PCC/prnms003.inf_amd64_fe878017f474877a.cab	1409699	2	0	xz-x86-9e	1406860	0	1406860	1409711	-0.202240	0	0	326	1
archive	unknown	spool/drivers/x64/PCC/prnms003.inf_amd64_fe878017f474877a.cab	1409699	2	0	zstd-x86-19	1406012	0	1406012	1409711	-0.262394	0	0	153	1
cold-image	unknown	@AdvancedKeySettingsNotification.png	3176	1	0	raw-aahl	2838	0	2838	2838	0.000000	0	0	4	1
cold-image	unknown	@AdvancedKeySettingsNotification.png	3176	1	1	raw-aahl	2838	0	2838	2838	0.000000	0	0	5	1
cold-image	unknown	@AdvancedKeySettingsNotification.png	3176	1	2	raw-aahl	2838	0	2838	2838	0.000000	0	0	5	1
cold-image	unknown	@AdvancedKeySettingsNotification.png	3176	1	0	bcj-base0	2838	5	2843	2838	0.176180	21	0	4	1
cold-image	unknown	@AdvancedKeySettingsNotification.png	3176	1	1	bcj-base0	2838	5	2843	2838	0.176180	21	0	4	1
cold-image	unknown	@AdvancedKeySettingsNotification.png	3176	1	2	bcj-base0	2838	5	2843	2838	0.176180	21	0	4	1
cold-image	unknown	@AdvancedKeySettingsNotification.png	3176	1	0	bcj-x86	2837	5	2842	2838	0.140944	33	0	4	1
cold-image	unknown	@AdvancedKeySettingsNotification.png	3176	1	1	bcj-x86	2837	5	2842	2838	0.140944	33	0	4	1
cold-image	unknown	@AdvancedKeySettingsNotification.png	3176	1	2	bcj-x86	2837	5	2842	2838	0.140944	33	0	4	1
cold-image	unknown	@AdvancedKeySettingsNotification.png	3176	1	0	bcj-x64	2838	5	2843	2838	0.176180	31	0	4	1
cold-image	unknown	@AdvancedKeySettingsNotification.png	3176	1	1	bcj-x64	2838	5	2843	2838	0.176180	31	0	4	1
cold-image	unknown	@AdvancedKeySettingsNotification.png	3176	1	2	bcj-x64	2838	5	2843	2838	0.176180	31	0	4	1
cold-image	unknown	@AdvancedKeySettingsNotification.png	3176	1	0	xz-x86-9e	2272	0	2272	2838	-19.943622	0	0	15	1
cold-image	unknown	@AdvancedKeySettingsNotification.png	3176	1	0	zstd-x86-19	2315	0	2315	2838	-18.428471	0	0	10	1
cold-image	unknown	@optionalfeatures.png	483	1	0	raw-aahl	489	0	489	489	0.000000	0	0	2	1
cold-image	unknown	@optionalfeatures.png	483	1	1	raw-aahl	489	0	489	489	0.000000	0	0	1	1
cold-image	unknown	@optionalfeatures.png	483	1	2	raw-aahl	489	0	489	489	0.000000	0	0	1	1
cold-image	unknown	@optionalfeatures.png	483	1	0	bcj-base0	489	5	494	489	1.022495	8	0	1	1
cold-image	unknown	@optionalfeatures.png	483	1	1	bcj-base0	489	5	494	489	1.022495	8	0	1	1
cold-image	unknown	@optionalfeatures.png	483	1	2	bcj-base0	489	5	494	489	1.022495	8	0	2	1
cold-image	unknown	@optionalfeatures.png	483	1	0	bcj-x86	489	5	494	489	1.022495	14	0	1	1
cold-image	unknown	@optionalfeatures.png	483	1	1	bcj-x86	489	5	494	489	1.022495	14	0	1	1
cold-image	unknown	@optionalfeatures.png	483	1	2	bcj-x86	489	5	494	489	1.022495	14	0	1	1
cold-image	unknown	@optionalfeatures.png	483	1	0	bcj-x64	489	5	494	489	1.022495	12	0	1	1
cold-image	unknown	@optionalfeatures.png	483	1	1	bcj-x64	489	5	494	489	1.022495	12	0	1	1
cold-image	unknown	@optionalfeatures.png	483	1	2	bcj-x64	489	5	494	489	1.022495	12	0	1	1
cold-image	unknown	@optionalfeatures.png	483	1	0	xz-x86-9e	536	0	536	489	9.611452	0	0	11	1
cold-image	unknown	@optionalfeatures.png	483	1	0	zstd-x86-19	497	0	497	489	1.635992	0	0	9	1
cold-image	unknown	DesktopKeepOnToastImg.gif	278879	1	0	raw-aahl	278885	0	278885	278885	0.000000	0	0	0	1
cold-image	unknown	DesktopKeepOnToastImg.gif	278879	1	1	raw-aahl	278885	0	278885	278885	0.000000	0	0	0	1
cold-image	unknown	DesktopKeepOnToastImg.gif	278879	1	2	raw-aahl	278885	0	278885	278885	0.000000	0	0	0	1
cold-image	unknown	DesktopKeepOnToastImg.gif	278879	1	0	bcj-base0	278885	5	278890	278885	0.001793	5881	0	0	1
cold-image	unknown	DesktopKeepOnToastImg.gif	278879	1	1	bcj-base0	278885	5	278890	278885	0.001793	5881	1	0	1
cold-image	unknown	DesktopKeepOnToastImg.gif	278879	1	2	bcj-base0	278885	5	278890	278885	0.001793	5881	1	0	1
cold-image	unknown	DesktopKeepOnToastImg.gif	278879	1	0	bcj-x86	278885	5	278890	278885	0.001793	6619	1	0	1
cold-image	unknown	DesktopKeepOnToastImg.gif	278879	1	1	bcj-x86	278885	5	278890	278885	0.001793	6619	1	0	1
cold-image	unknown	DesktopKeepOnToastImg.gif	278879	1	2	bcj-x86	278885	5	278890	278885	0.001793	6619	1	0	1
cold-image	unknown	DesktopKeepOnToastImg.gif	278879	1	0	bcj-x64	278885	5	278890	278885	0.001793	7904	1	0	1
cold-image	unknown	DesktopKeepOnToastImg.gif	278879	1	1	bcj-x64	278885	5	278890	278885	0.001793	7904	1	0	1
cold-image	unknown	DesktopKeepOnToastImg.gif	278879	1	2	bcj-x64	278885	5	278890	278885	0.001793	7904	1	0	1
cold-image	unknown	DesktopKeepOnToastImg.gif	278879	1	0	xz-x86-9e	253940	0	253940	278885	-8.944547	0	0	91	1
cold-image	unknown	DesktopKeepOnToastImg.gif	278879	1	0	zstd-x86-19	255526	0	255526	278885	-8.375854	0	0	42	1
cold-image	unknown	DriverStore/FileRepository/nvhmi.inf_amd64_100bbaab6d162c29/NvCamera/Sticker07.png	6342	1	0	raw-aahl	4291	0	4291	4291	0.000000	0	0	5	1
cold-image	unknown	DriverStore/FileRepository/nvhmi.inf_amd64_100bbaab6d162c29/NvCamera/Sticker07.png	6342	1	1	raw-aahl	4291	0	4291	4291	0.000000	0	0	5	1
cold-image	unknown	DriverStore/FileRepository/nvhmi.inf_amd64_100bbaab6d162c29/NvCamera/Sticker07.png	6342	1	2	raw-aahl	4291	0	4291	4291	0.000000	0	0	4	1
cold-image	unknown	DriverStore/FileRepository/nvhmi.inf_amd64_100bbaab6d162c29/NvCamera/Sticker07.png	6342	1	0	bcj-base0	4294	5	4299	4291	0.186437	51	0	5	1
cold-image	unknown	DriverStore/FileRepository/nvhmi.inf_amd64_100bbaab6d162c29/NvCamera/Sticker07.png	6342	1	1	bcj-base0	4294	5	4299	4291	0.186437	51	0	5	1
cold-image	unknown	DriverStore/FileRepository/nvhmi.inf_amd64_100bbaab6d162c29/NvCamera/Sticker07.png	6342	1	2	bcj-base0	4294	5	4299	4291	0.186437	51	0	5	1
cold-image	unknown	DriverStore/FileRepository/nvhmi.inf_amd64_100bbaab6d162c29/NvCamera/Sticker07.png	6342	1	0	bcj-x86	4294	5	4299	4291	0.186437	87	0	5	1
cold-image	unknown	DriverStore/FileRepository/nvhmi.inf_amd64_100bbaab6d162c29/NvCamera/Sticker07.png	6342	1	1	bcj-x86	4294	5	4299	4291	0.186437	87	0	6	1
cold-image	unknown	DriverStore/FileRepository/nvhmi.inf_amd64_100bbaab6d162c29/NvCamera/Sticker07.png	6342	1	2	bcj-x86	4294	5	4299	4291	0.186437	87	0	5	1
cold-image	unknown	DriverStore/FileRepository/nvhmi.inf_amd64_100bbaab6d162c29/NvCamera/Sticker07.png	6342	1	0	bcj-x64	4296	5	4301	4291	0.233046	76	0	5	1
cold-image	unknown	DriverStore/FileRepository/nvhmi.inf_amd64_100bbaab6d162c29/NvCamera/Sticker07.png	6342	1	1	bcj-x64	4296	5	4301	4291	0.233046	76	0	5	1
cold-image	unknown	DriverStore/FileRepository/nvhmi.inf_amd64_100bbaab6d162c29/NvCamera/Sticker07.png	6342	1	2	bcj-x64	4296	5	4301	4291	0.233046	76	0	5	1
cold-image	unknown	DriverStore/FileRepository/nvhmi.inf_amd64_100bbaab6d162c29/NvCamera/Sticker07.png	6342	1	0	xz-x86-9e	4156	0	4156	4291	-3.146120	0	0	19	1
cold-image	unknown	DriverStore/FileRepository/nvhmi.inf_amd64_100bbaab6d162c29/NvCamera/Sticker07.png	6342	1	0	zstd-x86-19	4094	0	4094	4291	-4.591004	0	0	9	1
cold-image	unknown	HealthSystemToastIcon.png	1660	1	0	raw-aahl	1666	0	1666	1666	0.000000	0	0	2	1
cold-image	unknown	HealthSystemToastIcon.png	1660	1	1	raw-aahl	1666	0	1666	1666	0.000000	0	0	3	1
cold-image	unknown	HealthSystemToastIcon.png	1660	1	2	raw-aahl	1666	0	1666	1666	0.000000	0	0	3	1
cold-image	unknown	HealthSystemToastIcon.png	1660	1	0	bcj-base0	1666	5	1671	1666	0.300120	22	0	3	1
cold-image	unknown	HealthSystemToastIcon.png	1660	1	1	bcj-base0	1666	5	1671	1666	0.300120	22	0	2	1
cold-image	unknown	HealthSystemToastIcon.png	1660	1	2	bcj-base0	1666	5	1671	1666	0.300120	22	0	2	1
cold-image	unknown	HealthSystemToastIcon.png	1660	1	0	bcj-x86	1666	5	1671	1666	0.300120	37	0	2	1
cold-image	unknown	HealthSystemToastIcon.png	1660	1	1	bcj-x86	1666	5	1671	1666	0.300120	37	0	2	1
cold-image	unknown	HealthSystemToastIcon.png	1660	1	2	bcj-x86	1666	5	1671	1666	0.300120	37	0	2	1
cold-image	unknown	HealthSystemToastIcon.png	1660	1	0	bcj-x64	1666	5	1671	1666	0.300120	33	0	2	1
cold-image	unknown	HealthSystemToastIcon.png	1660	1	1	bcj-x64	1666	5	1671	1666	0.300120	33	0	2	1
cold-image	unknown	HealthSystemToastIcon.png	1660	1	2	bcj-x64	1666	5	1671	1666	0.300120	33	0	2	1
cold-image	unknown	HealthSystemToastIcon.png	1660	1	0	xz-x86-9e	1728	0	1728	1666	3.721489	0	0	13	1
cold-image	unknown	HealthSystemToastIcon.png	1660	1	0	zstd-x86-19	1674	0	1674	1666	0.480192	0	0	10	1
cold-image	unknown	PerceptionSimulation/Assets/ClosedHand.png	697	1	0	raw-aahl	687	0	687	687	0.000000	0	0	2	1
cold-image	unknown	PerceptionSimulation/Assets/ClosedHand.png	697	1	1	raw-aahl	687	0	687	687	0.000000	0	0	2	1
cold-image	unknown	PerceptionSimulation/Assets/ClosedHand.png	697	1	2	raw-aahl	687	0	687	687	0.000000	0	0	2	1
cold-image	unknown	PerceptionSimulation/Assets/ClosedHand.png	697	1	0	bcj-base0	687	5	692	687	0.727802	2	0	2	1
cold-image	unknown	PerceptionSimulation/Assets/ClosedHand.png	697	1	1	bcj-base0	687	5	692	687	0.727802	2	0	3	1
cold-image	unknown	PerceptionSimulation/Assets/ClosedHand.png	697	1	2	bcj-base0	687	5	692	687	0.727802	2	0	2	1
cold-image	unknown	PerceptionSimulation/Assets/ClosedHand.png	697	1	0	bcj-x86	687	5	692	687	0.727802	3	0	2	1
cold-image	unknown	PerceptionSimulation/Assets/ClosedHand.png	697	1	1	bcj-x86	687	5	692	687	0.727802	3	0	2	1
cold-image	unknown	PerceptionSimulation/Assets/ClosedHand.png	697	1	2	bcj-x86	687	5	692	687	0.727802	3	0	2	1
cold-image	unknown	PerceptionSimulation/Assets/ClosedHand.png	697	1	0	bcj-x64	687	5	692	687	0.727802	3	0	1	1
cold-image	unknown	PerceptionSimulation/Assets/ClosedHand.png	697	1	1	bcj-x64	687	5	692	687	0.727802	3	0	2	1
cold-image	unknown	PerceptionSimulation/Assets/ClosedHand.png	697	1	2	bcj-x64	687	5	692	687	0.727802	3	0	1	1
cold-image	unknown	PerceptionSimulation/Assets/ClosedHand.png	697	1	0	xz-x86-9e	704	0	704	687	2.474527	0	0	10	1
cold-image	unknown	PerceptionSimulation/Assets/ClosedHand.png	697	1	0	zstd-x86-19	659	0	659	687	-4.075691	0	0	10	1
cold-image	unknown	RestartTonight_80_contrast-white.png	1003	1	0	raw-aahl	1009	0	1009	1009	0.000000	0	0	2	1
cold-image	unknown	RestartTonight_80_contrast-white.png	1003	1	1	raw-aahl	1009	0	1009	1009	0.000000	0	0	1	1
cold-image	unknown	RestartTonight_80_contrast-white.png	1003	1	2	raw-aahl	1009	0	1009	1009	0.000000	0	0	1	1
cold-image	unknown	RestartTonight_80_contrast-white.png	1003	1	0	bcj-base0	1009	5	1014	1009	0.495540	16	0	2	1
cold-image	unknown	RestartTonight_80_contrast-white.png	1003	1	1	bcj-base0	1009	5	1014	1009	0.495540	16	0	2	1
cold-image	unknown	RestartTonight_80_contrast-white.png	1003	1	2	bcj-base0	1009	5	1014	1009	0.495540	16	0	2	1
cold-image	unknown	RestartTonight_80_contrast-white.png	1003	1	0	bcj-x86	1009	5	1014	1009	0.495540	24	0	1	1
cold-image	unknown	RestartTonight_80_contrast-white.png	1003	1	1	bcj-x86	1009	5	1014	1009	0.495540	24	0	1	1
cold-image	unknown	RestartTonight_80_contrast-white.png	1003	1	2	bcj-x86	1009	5	1014	1009	0.495540	24	0	1	1
cold-image	unknown	RestartTonight_80_contrast-white.png	1003	1	0	bcj-x64	1009	5	1014	1009	0.495540	24	0	1	1
cold-image	unknown	RestartTonight_80_contrast-white.png	1003	1	1	bcj-x64	1009	5	1014	1009	0.495540	24	0	1	1
cold-image	unknown	RestartTonight_80_contrast-white.png	1003	1	2	bcj-x64	1009	5	1014	1009	0.495540	24	0	1	1
cold-image	unknown	RestartTonight_80_contrast-white.png	1003	1	0	xz-x86-9e	1072	0	1072	1009	6.243806	0	0	11	1
cold-image	unknown	RestartTonight_80_contrast-white.png	1003	1	0	zstd-x86-19	1017	0	1017	1009	0.792864	0	0	10	1
cold-image	unknown	SvBannerBackground.png	1296045	2	0	raw-aahl	1296057	0	1296057	1296057	0.000000	0	0	1	1
cold-image	unknown	SvBannerBackground.png	1296045	2	1	raw-aahl	1296057	0	1296057	1296057	0.000000	0	0	1	1
cold-image	unknown	SvBannerBackground.png	1296045	2	2	raw-aahl	1296057	0	1296057	1296057	0.000000	0	0	1	1
cold-image	unknown	SvBannerBackground.png	1296045	2	0	bcj-base0	1296057	5	1296062	1296057	0.000386	30184	4	1	1
cold-image	unknown	SvBannerBackground.png	1296045	2	1	bcj-base0	1296057	5	1296062	1296057	0.000386	30184	4	1	1
cold-image	unknown	SvBannerBackground.png	1296045	2	2	bcj-base0	1296057	5	1296062	1296057	0.000386	30184	4	1	1
cold-image	unknown	SvBannerBackground.png	1296045	2	0	bcj-x86	1296057	5	1296062	1296057	0.000386	33271	4	1	1
cold-image	unknown	SvBannerBackground.png	1296045	2	1	bcj-x86	1296057	5	1296062	1296057	0.000386	33271	4	1	1
cold-image	unknown	SvBannerBackground.png	1296045	2	2	bcj-x86	1296057	5	1296062	1296057	0.000386	33271	4	1	1
cold-image	unknown	SvBannerBackground.png	1296045	2	0	bcj-x64	1296057	5	1296062	1296057	0.000386	40123	4	1	1
cold-image	unknown	SvBannerBackground.png	1296045	2	1	bcj-x64	1296057	5	1296062	1296057	0.000386	40123	4	1	1
cold-image	unknown	SvBannerBackground.png	1296045	2	2	bcj-x64	1296057	5	1296062	1296057	0.000386	40123	4	1	1
cold-image	unknown	SvBannerBackground.png	1296045	2	0	xz-x86-9e	1296176	0	1296176	1296057	0.009182	0	0	292	1
cold-image	unknown	SvBannerBackground.png	1296045	2	0	zstd-x86-19	1296088	0	1296088	1296057	0.002392	0	0	138	1
executable	amd64	69fe178f-26e7-43a9-aa7d-2b616b672dde_eventlogservice.dll	12088	1	0	raw-aahl	8147	0	8147	8147	0.000000	0	0	27	1
executable	amd64	69fe178f-26e7-43a9-aa7d-2b616b672dde_eventlogservice.dll	12088	1	1	raw-aahl	8147	0	8147	8147	0.000000	0	0	27	1
executable	amd64	69fe178f-26e7-43a9-aa7d-2b616b672dde_eventlogservice.dll	12088	1	2	raw-aahl	8147	0	8147	8147	0.000000	0	0	30	1
executable	amd64	69fe178f-26e7-43a9-aa7d-2b616b672dde_eventlogservice.dll	12088	1	0	bcj-base0	8147	5	8152	8147	0.061372	67	0	30	1
executable	amd64	69fe178f-26e7-43a9-aa7d-2b616b672dde_eventlogservice.dll	12088	1	1	bcj-base0	8147	5	8152	8147	0.061372	67	0	30	1
executable	amd64	69fe178f-26e7-43a9-aa7d-2b616b672dde_eventlogservice.dll	12088	1	2	bcj-base0	8147	5	8152	8147	0.061372	67	0	30	1
executable	amd64	69fe178f-26e7-43a9-aa7d-2b616b672dde_eventlogservice.dll	12088	1	0	bcj-x86	8145	5	8150	8147	0.036823	108	0	30	1
executable	amd64	69fe178f-26e7-43a9-aa7d-2b616b672dde_eventlogservice.dll	12088	1	1	bcj-x86	8145	5	8150	8147	0.036823	108	0	30	1
executable	amd64	69fe178f-26e7-43a9-aa7d-2b616b672dde_eventlogservice.dll	12088	1	2	bcj-x86	8145	5	8150	8147	0.036823	108	0	31	1
executable	amd64	69fe178f-26e7-43a9-aa7d-2b616b672dde_eventlogservice.dll	12088	1	0	bcj-x64	8146	5	8151	8147	0.049098	99	0	30	1
executable	amd64	69fe178f-26e7-43a9-aa7d-2b616b672dde_eventlogservice.dll	12088	1	1	bcj-x64	8146	5	8151	8147	0.049098	99	0	30	1
executable	amd64	69fe178f-26e7-43a9-aa7d-2b616b672dde_eventlogservice.dll	12088	1	2	bcj-x64	8146	5	8151	8147	0.049098	99	0	29	1
executable	amd64	69fe178f-26e7-43a9-aa7d-2b616b672dde_eventlogservice.dll	12088	1	0	xz-x86-9e	6048	0	6048	8147	-25.764085	0	0	21	1
executable	amd64	69fe178f-26e7-43a9-aa7d-2b616b672dde_eventlogservice.dll	12088	1	0	zstd-x86-19	6161	0	6161	8147	-24.377071	0	0	13	1
executable	amd64	APHostService.dll	351232	1	0	raw-aahl	160518	0	160518	160518	0.000000	0	0	2082	1
executable	amd64	APHostService.dll	351232	1	1	raw-aahl	160518	0	160518	160518	0.000000	0	0	2089	1
executable	amd64	APHostService.dll	351232	1	2	raw-aahl	160518	0	160518	160518	0.000000	0	0	2159	1
executable	amd64	APHostService.dll	351232	1	0	bcj-base0	159119	5	159124	160518	-0.868438	19628	1	2103	1
executable	amd64	APHostService.dll	351232	1	1	bcj-base0	159119	5	159124	160518	-0.868438	19628	1	2074	1
executable	amd64	APHostService.dll	351232	1	2	bcj-base0	159119	5	159124	160518	-0.868438	19628	1	2077	1
executable	amd64	APHostService.dll	351232	1	0	bcj-x86	159576	5	159581	160518	-0.583735	20532	1	2064	1
executable	amd64	APHostService.dll	351232	1	1	bcj-x86	159576	5	159581	160518	-0.583735	20532	1	2074	1
executable	amd64	APHostService.dll	351232	1	2	bcj-x86	159576	5	159581	160518	-0.583735	20532	1	2062	1
executable	amd64	APHostService.dll	351232	1	0	bcj-x64	159727	5	159732	160518	-0.489665	23272	1	2065	1
executable	amd64	APHostService.dll	351232	1	1	bcj-x64	159727	5	159732	160518	-0.489665	23272	1	2066	1
executable	amd64	APHostService.dll	351232	1	2	bcj-x64	159727	5	159732	160518	-0.489665	23272	1	2061	1
executable	amd64	APHostService.dll	351232	1	0	xz-x86-9e	97928	0	97928	160518	-38.992512	0	0	132	1
executable	amd64	APHostService.dll	351232	1	0	zstd-x86-19	110810	0	110810	160518	-30.967244	0	0	99	1
executable	amd64	AboutSettingsHandlers.dll	651680	1	0	raw-aahl	367102	0	367102	367102	0.000000	0	0	4997	1
executable	amd64	AboutSettingsHandlers.dll	651680	1	1	raw-aahl	367102	0	367102	367102	0.000000	0	0	4824	1
executable	amd64	AboutSettingsHandlers.dll	651680	1	2	raw-aahl	367102	0	367102	367102	0.000000	0	0	4853	1
executable	amd64	AboutSettingsHandlers.dll	651680	1	0	bcj-base0	371404	5	371409	367102	1.173243	28317	2	4841	1
executable	amd64	AboutSettingsHandlers.dll	651680	1	1	bcj-base0	371404	5	371409	367102	1.173243	28317	2	4929	1
executable	amd64	AboutSettingsHandlers.dll	651680	1	2	bcj-base0	371404	5	371409	367102	1.173243	28317	3	4913	1
executable	amd64	AboutSettingsHandlers.dll	651680	1	0	bcj-x86	375078	5	375083	367102	2.174055	29513	2	4849	1
executable	amd64	AboutSettingsHandlers.dll	651680	1	1	bcj-x86	375078	5	375083	367102	2.174055	29513	2	4858	1
executable	amd64	AboutSettingsHandlers.dll	651680	1	2	bcj-x86	375078	5	375083	367102	2.174055	29513	2	4854	1
executable	amd64	AboutSettingsHandlers.dll	651680	1	0	bcj-x64	373729	5	373734	367102	1.806582	34765	2	4862	1
executable	amd64	AboutSettingsHandlers.dll	651680	1	1	bcj-x64	373729	5	373734	367102	1.806582	34765	2	4874	1
executable	amd64	AboutSettingsHandlers.dll	651680	1	2	bcj-x64	373729	5	373734	367102	1.806582	34765	2	4905	1
executable	amd64	AboutSettingsHandlers.dll	651680	1	0	xz-x86-9e	219108	0	219108	367102	-40.314136	0	0	210	1
executable	amd64	AboutSettingsHandlers.dll	651680	1	0	zstd-x86-19	240039	0	240039	367102	-34.612451	0	0	158	1
executable	amd64	AcXtrnal.dll	15872	1	0	raw-aahl	8731	0	8731	8731	0.000000	0	0	32	1
executable	amd64	AcXtrnal.dll	15872	1	1	raw-aahl	8731	0	8731	8731	0.000000	0	0	31	1
executable	amd64	AcXtrnal.dll	15872	1	2	raw-aahl	8731	0	8731	8731	0.000000	0	0	30	1
executable	amd64	AcXtrnal.dll	15872	1	0	bcj-base0	8758	5	8763	8731	0.366510	232	0	31	1
executable	amd64	AcXtrnal.dll	15872	1	1	bcj-base0	8758	5	8763	8731	0.366510	232	0	31	1
executable	amd64	AcXtrnal.dll	15872	1	2	bcj-base0	8758	5	8763	8731	0.366510	232	0	31	1
executable	amd64	AcXtrnal.dll	15872	1	0	bcj-x86	8782	5	8787	8731	0.641393	299	0	30	1
executable	amd64	AcXtrnal.dll	15872	1	1	bcj-x86	8782	5	8787	8731	0.641393	299	0	30	1
executable	amd64	AcXtrnal.dll	15872	1	2	bcj-x86	8782	5	8787	8731	0.641393	299	0	30	1
executable	amd64	AcXtrnal.dll	15872	1	0	bcj-x64	8784	5	8789	8731	0.664300	296	0	31	1
executable	amd64	AcXtrnal.dll	15872	1	1	bcj-x64	8784	5	8789	8731	0.664300	296	0	30	1
executable	amd64	AcXtrnal.dll	15872	1	2	bcj-x64	8784	5	8789	8731	0.664300	296	0	30	1
executable	amd64	AcXtrnal.dll	15872	1	0	xz-x86-9e	6380	0	6380	8731	-26.927042	0	0	21	1
executable	amd64	AcXtrnal.dll	15872	1	0	zstd-x86-19	6638	0	6638	8731	-23.972054	0	0	13	1
executable	amd64	ActivationManager.dll	801280	1	0	raw-aahl	425110	0	425110	425110	0.000000	0	0	6504	1
executable	amd64	ActivationManager.dll	801280	1	1	raw-aahl	425110	0	425110	425110	0.000000	0	0	6319	1
executable	amd64	ActivationManager.dll	801280	1	2	raw-aahl	425110	0	425110	425110	0.000000	0	0	6579	1
executable	amd64	ActivationManager.dll	801280	1	0	bcj-base0	419032	5	419037	425110	-1.428571	49916	3	6597	1
executable	amd64	ActivationManager.dll	801280	1	1	bcj-base0	419032	5	419037	425110	-1.428571	49916	3	6672	1
executable	amd64	ActivationManager.dll	801280	1	2	bcj-base0	419032	5	419037	425110	-1.428571	49916	3	6601	1
executable	amd64	ActivationManager.dll	801280	1	0	bcj-x86	424818	5	424823	425110	-0.067512	51169	3	6630	1
executable	amd64	ActivationManager.dll	801280	1	1	bcj-x86	424818	5	424823	425110	-0.067512	51169	3	6633	1
executable	amd64	ActivationManager.dll	801280	1	2	bcj-x86	424818	5	424823	425110	-0.067512	51169	4	6677	1
executable	amd64	ActivationManager.dll	801280	1	0	bcj-x64	421194	5	421199	425110	-0.919997	57875	3	6731	1
executable	amd64	ActivationManager.dll	801280	1	1	bcj-x64	421194	5	421199	425110	-0.919997	57875	3	6773	1
executable	amd64	ActivationManager.dll	801280	1	2	bcj-x64	421194	5	421199	425110	-0.919997	57875	3	6801	1
executable	amd64	ActivationManager.dll	801280	1	0	xz-x86-9e	259896	0	259896	425110	-38.863823	0	0	243	1
executable	amd64	ActivationManager.dll	801280	1	0	zstd-x86-19	295354	0	295354	425110	-30.522923	0	0	190	1
executable	amd64	AdvancedEmojiDS.dll	168448	1	0	raw-aahl	95562	0	95562	95562	0.000000	0	0	954	1
executable	amd64	AdvancedEmojiDS.dll	168448	1	1	raw-aahl	95562	0	95562	95562	0.000000	0	0	953	1
executable	amd64	AdvancedEmojiDS.dll	168448	1	2	raw-aahl	95562	0	95562	95562	0.000000	0	0	953	1
executable	amd64	AdvancedEmojiDS.dll	168448	1	0	bcj-base0	96026	5	96031	95562	0.490781	7238	0	950	1
executable	amd64	AdvancedEmojiDS.dll	168448	1	1	bcj-base0	96026	5	96031	95562	0.490781	7238	0	956	1
executable	amd64	AdvancedEmojiDS.dll	168448	1	2	bcj-base0	96026	5	96031	95562	0.490781	7238	0	951	1
executable	amd64	AdvancedEmojiDS.dll	168448	1	0	bcj-x86	96347	5	96352	95562	0.826688	8008	0	979	1
executable	amd64	AdvancedEmojiDS.dll	168448	1	1	bcj-x86	96347	5	96352	95562	0.826688	8008	0	982	1
executable	amd64	AdvancedEmojiDS.dll	168448	1	2	bcj-x86	96347	5	96352	95562	0.826688	8008	0	984	1
executable	amd64	AdvancedEmojiDS.dll	168448	1	0	bcj-x64	96576	5	96581	95562	1.066323	8706	0	989	1
executable	amd64	AdvancedEmojiDS.dll	168448	1	1	bcj-x64	96576	5	96581	95562	1.066323	8706	0	991	1
executable	amd64	AdvancedEmojiDS.dll	168448	1	2	bcj-x64	96576	5	96581	95562	1.066323	8706	0	988	1
executable	amd64	AdvancedEmojiDS.dll	168448	1	0	xz-x86-9e	64312	0	64312	95562	-32.701283	0	0	78	1
executable	amd64	AdvancedEmojiDS.dll	168448	1	0	zstd-x86-19	70564	0	70564	95562	-26.158933	0	0	54	1
executable	amd64	ApiSetHost.AppExecutionAlias.dll	111616	1	0	raw-aahl	62979	0	62979	62979	0.000000	0	0	601	1
executable	amd64	ApiSetHost.AppExecutionAlias.dll	111616	1	1	raw-aahl	62979	0	62979	62979	0.000000	0	0	598	1
executable	amd64	ApiSetHost.AppExecutionAlias.dll	111616	1	2	raw-aahl	62979	0	62979	62979	0.000000	0	0	603	1
executable	amd64	ApiSetHost.AppExecutionAlias.dll	111616	1	0	bcj-base0	62837	5	62842	62979	-0.217533	4288	0	605	1
executable	amd64	ApiSetHost.AppExecutionAlias.dll	111616	1	1	bcj-base0	62837	5	62842	62979	-0.217533	4288	0	605	1
executable	amd64	ApiSetHost.AppExecutionAlias.dll	111616	1	2	bcj-base0	62837	5	62842	62979	-0.217533	4288	0	598	1
executable	amd64	ApiSetHost.AppExecutionAlias.dll	111616	1	0	bcj-x86	63037	5	63042	62979	0.100033	5069	0	601	1
executable	amd64	ApiSetHost.AppExecutionAlias.dll	111616	1	1	bcj-x86	63037	5	63042	62979	0.100033	5069	0	600	1
executable	amd64	ApiSetHost.AppExecutionAlias.dll	111616	1	2	bcj-x86	63037	5	63042	62979	0.100033	5069	0	604	1
executable	amd64	ApiSetHost.AppExecutionAlias.dll	111616	1	0	bcj-x64	63138	5	63143	62979	0.260404	5264	0	610	1
executable	amd64	ApiSetHost.AppExecutionAlias.dll	111616	1	1	bcj-x64	63138	5	63143	62979	0.260404	5264	0	607	1
executable	amd64	ApiSetHost.AppExecutionAlias.dll	111616	1	2	bcj-x64	63138	5	63143	62979	0.260404	5264	0	594	1
executable	amd64	ApiSetHost.AppExecutionAlias.dll	111616	1	0	xz-x86-9e	43508	0	43508	62979	-30.916655	0	0	60	1
executable	amd64	ApiSetHost.AppExecutionAlias.dll	111616	1	0	zstd-x86-19	47846	0	47846	62979	-24.028644	0	0	39	1
executable	amd64	AppLockerCSP.dll	391168	1	0	raw-aahl	198378	0	198378	198378	0.000000	0	0	2461	1
executable	amd64	AppLockerCSP.dll	391168	1	1	raw-aahl	198378	0	198378	198378	0.000000	0	0	2440	1
executable	amd64	AppLockerCSP.dll	391168	1	2	raw-aahl	198378	0	198378	198378	0.000000	0	0	2450	1
executable	amd64	AppLockerCSP.dll	391168	1	0	bcj-base0	197634	5	197639	198378	-0.372521	18546	1	2441	1
executable	amd64	AppLockerCSP.dll	391168	1	1	bcj-base0	197634	5	197639	198378	-0.372521	18546	1	2451	1
executable	amd64	AppLockerCSP.dll	391168	1	2	bcj-base0	197634	5	197639	198378	-0.372521	18546	1	2570	1
executable	amd64	AppLockerCSP.dll	391168	1	0	bcj-x86	196662	5	196667	198378	-0.862495	19417	1	2496	1
executable	amd64	AppLockerCSP.dll	391168	1	1	bcj-x86	196662	5	196667	198378	-0.862495	19417	1	2498	1
executable	amd64	AppLockerCSP.dll	391168	1	2	bcj-x86	196662	5	196667	198378	-0.862495	19417	1	2523	1
executable	amd64	AppLockerCSP.dll	391168	1	0	bcj-x64	196970	5	196975	198378	-0.707236	21662	1	2559	1
executable	amd64	AppLockerCSP.dll	391168	1	1	bcj-x64	196970	5	196975	198378	-0.707236	21662	1	2564	1
executable	amd64	AppLockerCSP.dll	391168	1	2	bcj-x64	196970	5	196975	198378	-0.707236	21662	1	2570	1
executable	amd64	AppLockerCSP.dll	391168	1	0	xz-x86-9e	127572	0	127572	198378	-35.692466	0	0	138	1
executable	amd64	AppLockerCSP.dll	391168	1	0	zstd-x86-19	144842	0	144842	198378	-26.986863	0	0	100	1
installer	amd64	6bea57fb-8dfb-4177-9ae8-42e8b3529933_RuntimeDeviceInstall.dll	13280	1	0	raw-aahl	9446	0	9446	9446	0.000000	0	0	27	1
installer	amd64	6bea57fb-8dfb-4177-9ae8-42e8b3529933_RuntimeDeviceInstall.dll	13280	1	1	raw-aahl	9446	0	9446	9446	0.000000	0	0	27	1
installer	amd64	6bea57fb-8dfb-4177-9ae8-42e8b3529933_RuntimeDeviceInstall.dll	13280	1	2	raw-aahl	9446	0	9446	9446	0.000000	0	0	27	1
installer	amd64	6bea57fb-8dfb-4177-9ae8-42e8b3529933_RuntimeDeviceInstall.dll	13280	1	0	bcj-base0	9446	5	9451	9446	0.052932	109	0	26	1
installer	amd64	6bea57fb-8dfb-4177-9ae8-42e8b3529933_RuntimeDeviceInstall.dll	13280	1	1	bcj-base0	9446	5	9451	9446	0.052932	109	0	26	1
installer	amd64	6bea57fb-8dfb-4177-9ae8-42e8b3529933_RuntimeDeviceInstall.dll	13280	1	2	bcj-base0	9446	5	9451	9446	0.052932	109	0	28	1
installer	amd64	6bea57fb-8dfb-4177-9ae8-42e8b3529933_RuntimeDeviceInstall.dll	13280	1	0	bcj-x86	9447	5	9452	9446	0.063519	161	0	26	1
installer	amd64	6bea57fb-8dfb-4177-9ae8-42e8b3529933_RuntimeDeviceInstall.dll	13280	1	1	bcj-x86	9447	5	9452	9446	0.063519	161	0	27	1
installer	amd64	6bea57fb-8dfb-4177-9ae8-42e8b3529933_RuntimeDeviceInstall.dll	13280	1	2	bcj-x86	9447	5	9452	9446	0.063519	161	0	26	1
installer	amd64	6bea57fb-8dfb-4177-9ae8-42e8b3529933_RuntimeDeviceInstall.dll	13280	1	0	bcj-x64	9430	5	9435	9446	-0.116451	159	0	27	1
installer	amd64	6bea57fb-8dfb-4177-9ae8-42e8b3529933_RuntimeDeviceInstall.dll	13280	1	1	bcj-x64	9430	5	9435	9446	-0.116451	159	0	26	1
installer	amd64	6bea57fb-8dfb-4177-9ae8-42e8b3529933_RuntimeDeviceInstall.dll	13280	1	2	bcj-x64	9430	5	9435	9446	-0.116451	159	0	26	1
installer	amd64	6bea57fb-8dfb-4177-9ae8-42e8b3529933_RuntimeDeviceInstall.dll	13280	1	0	xz-x86-9e	7280	0	7280	9446	-22.930341	0	0	21	1
installer	amd64	6bea57fb-8dfb-4177-9ae8-42e8b3529933_RuntimeDeviceInstall.dll	13280	1	0	zstd-x86-19	7404	0	7404	9446	-21.617616	0	0	12	1
installer	unknown	CatRoot/{F750E6C3-38EE-11D1-85E5-00C04FC295EE}/Microsoft-OneCore-UtilityVm-SetupAgent-Package~31bf3856ad364e35~amd64~~10.0.19041.5848.cat	10906	1	0	raw-aahl	8697	0	8697	8697	0.000000	0	0	14	1
installer	unknown	CatRoot/{F750E6C3-38EE-11D1-85E5-00C04FC295EE}/Microsoft-OneCore-UtilityVm-SetupAgent-Package~31bf3856ad364e35~amd64~~10.0.19041.5848.cat	10906	1	1	raw-aahl	8697	0	8697	8697	0.000000	0	0	14	1
installer	unknown	CatRoot/{F750E6C3-38EE-11D1-85E5-00C04FC295EE}/Microsoft-OneCore-UtilityVm-SetupAgent-Package~31bf3856ad364e35~amd64~~10.0.19041.5848.cat	10906	1	2	raw-aahl	8697	0	8697	8697	0.000000	0	0	14	1
installer	unknown	CatRoot/{F750E6C3-38EE-11D1-85E5-00C04FC295EE}/Microsoft-OneCore-UtilityVm-SetupAgent-Package~31bf3856ad364e35~amd64~~10.0.19041.5848.cat	10906	1	0	bcj-base0	8698	5	8703	8697	0.068989	90	0	13	1
installer	unknown	CatRoot/{F750E6C3-38EE-11D1-85E5-00C04FC295EE}/Microsoft-OneCore-UtilityVm-SetupAgent-Package~31bf3856ad364e35~amd64~~10.0.19041.5848.cat	10906	1	1	bcj-base0	8698	5	8703	8697	0.068989	90	0	13	1
installer	unknown	CatRoot/{F750E6C3-38EE-11D1-85E5-00C04FC295EE}/Microsoft-OneCore-UtilityVm-SetupAgent-Package~31bf3856ad364e35~amd64~~10.0.19041.5848.cat	10906	1	2	bcj-base0	8698	5	8703	8697	0.068989	90	0	14	1
installer	unknown	CatRoot/{F750E6C3-38EE-11D1-85E5-00C04FC295EE}/Microsoft-OneCore-UtilityVm-SetupAgent-Package~31bf3856ad364e35~amd64~~10.0.19041.5848.cat	10906	1	0	bcj-x86	8699	5	8704	8697	0.080488	135	0	13	1
installer	unknown	CatRoot/{F750E6C3-38EE-11D1-85E5-00C04FC295EE}/Microsoft-OneCore-UtilityVm-SetupAgent-Package~31bf3856ad364e35~amd64~~10.0.19041.5848.cat	10906	1	1	bcj-x86	8699	5	8704	8697	0.080488	135	0	13	1
installer	unknown	CatRoot/{F750E6C3-38EE-11D1-85E5-00C04FC295EE}/Microsoft-OneCore-UtilityVm-SetupAgent-Package~31bf3856ad364e35~amd64~~10.0.19041.5848.cat	10906	1	2	bcj-x86	8699	5	8704	8697	0.080488	135	0	13	1
installer	unknown	CatRoot/{F750E6C3-38EE-11D1-85E5-00C04FC295EE}/Microsoft-OneCore-UtilityVm-SetupAgent-Package~31bf3856ad364e35~amd64~~10.0.19041.5848.cat	10906	1	0	bcj-x64	8704	5	8709	8697	0.137979	133	0	13	1
installer	unknown	CatRoot/{F750E6C3-38EE-11D1-85E5-00C04FC295EE}/Microsoft-OneCore-UtilityVm-SetupAgent-Package~31bf3856ad364e35~amd64~~10.0.19041.5848.cat	10906	1	1	bcj-x64	8704	5	8709	8697	0.137979	133	0	14	1
installer	unknown	CatRoot/{F750E6C3-38EE-11D1-85E5-00C04FC295EE}/Microsoft-OneCore-UtilityVm-SetupAgent-Package~31bf3856ad364e35~amd64~~10.0.19041.5848.cat	10906	1	2	bcj-x64	8704	5	8709	8697	0.137979	133	0	13	1
installer	unknown	CatRoot/{F750E6C3-38EE-11D1-85E5-00C04FC295EE}/Microsoft-OneCore-UtilityVm-SetupAgent-Package~31bf3856ad364e35~amd64~~10.0.19041.5848.cat	10906	1	0	xz-x86-9e	6856	0	6856	8697	-21.168219	0	0	21	1
installer	unknown	CatRoot/{F750E6C3-38EE-11D1-85E5-00C04FC295EE}/Microsoft-OneCore-UtilityVm-SetupAgent-Package~31bf3856ad364e35~amd64~~10.0.19041.5848.cat	10906	1	0	zstd-x86-19	6877	0	6877	8697	-20.926756	0	0	12	1
installer	unknown	CatRoot/{F750E6C3-38EE-11D1-85E5-00C04FC295EE}/Microsoft-Windows-OneDrive-Setup-Package~31bf3856ad364e35~amd64~~10.0.19041.1.cat	9256	1	0	raw-aahl	7173	0	7173	7173	0.000000	0	0	13	1
installer	unknown	CatRoot/{F750E6C3-38EE-11D1-85E5-00C04FC295EE}/Microsoft-Windows-OneDrive-Setup-Package~31bf3856ad364e35~amd64~~10.0.19041.1.cat	9256	1	1	raw-aahl	7173	0	7173	7173	0.000000	0	0	12	1
installer	unknown	CatRoot/{F750E6C3-38EE-11D1-85E5-00C04FC295EE}/Microsoft-Windows-OneDrive-Setup-Package~31bf3856ad364e35~amd64~~10.0.19041.1.cat	9256	1	2	raw-aahl	7173	0	7173	7173	0.000000	0	0	11	1
installer	unknown	CatRoot/{F750E6C3-38EE-11D1-85E5-00C04FC295EE}/Microsoft-Windows-OneDrive-Setup-Package~31bf3856ad364e35~amd64~~10.0.19041.1.cat	9256	1	0	bcj-base0	7173	5	7178	7173	0.069706	82	0	11	1
installer	unknown	CatRoot/{F750E6C3-38EE-11D1-85E5-00C04FC295EE}/Microsoft-Windows-OneDrive-Setup-Package~31bf3856ad364e35~amd64~~10.0.19041.1.cat	9256	1	1	bcj-base0	7173	5	7178	7173	0.069706	82	0	11	1
installer	unknown	CatRoot/{F750E6C3-38EE-11D1-85E5-00C04FC295EE}/Microsoft-Windows-OneDrive-Setup-Package~31bf3856ad364e35~amd64~~10.0.19041.1.cat	9256	1	2	bcj-base0	7173	5	7178	7173	0.069706	82	0	11	1
installer	unknown	CatRoot/{F750E6C3-38EE-11D1-85E5-00C04FC295EE}/Microsoft-Windows-OneDrive-Setup-Package~31bf3856ad364e35~amd64~~10.0.19041.1.cat	9256	1	0	bcj-x86	7173	5	7178	7173	0.069706	121	0	11	1
installer	unknown	CatRoot/{F750E6C3-38EE-11D1-85E5-00C04FC295EE}/Microsoft-Windows-OneDrive-Setup-Package~31bf3856ad364e35~amd64~~10.0.19041.1.cat	9256	1	1	bcj-x86	7173	5	7178	7173	0.069706	121	0	11	1
installer	unknown	CatRoot/{F750E6C3-38EE-11D1-85E5-00C04FC295EE}/Microsoft-Windows-OneDrive-Setup-Package~31bf3856ad364e35~amd64~~10.0.19041.1.cat	9256	1	2	bcj-x86	7173	5	7178	7173	0.069706	121	0	11	1
installer	unknown	CatRoot/{F750E6C3-38EE-11D1-85E5-00C04FC295EE}/Microsoft-Windows-OneDrive-Setup-Package~31bf3856ad364e35~amd64~~10.0.19041.1.cat	9256	1	0	bcj-x64	7173	5	7178	7173	0.069706	120	0	11	1
installer	unknown	CatRoot/{F750E6C3-38EE-11D1-85E5-00C04FC295EE}/Microsoft-Windows-OneDrive-Setup-Package~31bf3856ad364e35~amd64~~10.0.19041.1.cat	9256	1	1	bcj-x64	7173	5	7178	7173	0.069706	120	0	11	1
installer	unknown	CatRoot/{F750E6C3-38EE-11D1-85E5-00C04FC295EE}/Microsoft-Windows-OneDrive-Setup-Package~31bf3856ad364e35~amd64~~10.0.19041.1.cat	9256	1	2	bcj-x64	7173	5	7178	7173	0.069706	120	0	11	1
installer	unknown	CatRoot/{F750E6C3-38EE-11D1-85E5-00C04FC295EE}/Microsoft-Windows-OneDrive-Setup-Package~31bf3856ad364e35~amd64~~10.0.19041.1.cat	9256	1	0	xz-x86-9e	5448	0	5448	7173	-24.048515	0	0	20	1
installer	unknown	CatRoot/{F750E6C3-38EE-11D1-85E5-00C04FC295EE}/Microsoft-Windows-OneDrive-Setup-Package~31bf3856ad364e35~amd64~~10.0.19041.1.cat	9256	1	0	zstd-x86-19	5475	0	5475	7173	-23.672104	0	0	12	1
installer	unknown	CatRoot/{F750E6C3-38EE-11D1-85E5-00C04FC295EE}/Microsoft-Windows-RemoteFX-VM-Setup-merged-Package~31bf3856ad364e35~amd64~~10.0.19041.6456.cat	12436	1	0	raw-aahl	9564	0	9564	9564	0.000000	0	0	32	1
installer	unknown	CatRoot/{F750E6C3-38EE-11D1-85E5-00C04FC295EE}/Microsoft-Windows-RemoteFX-VM-Setup-merged-Package~31bf3856ad364e35~amd64~~10.0.19041.6456.cat	12436	1	1	raw-aahl	9564	0	9564	9564	0.000000	0	0	30	1
installer	unknown	CatRoot/{F750E6C3-38EE-11D1-85E5-00C04FC295EE}/Microsoft-Windows-RemoteFX-VM-Setup-merged-Package~31bf3856ad364e35~amd64~~10.0.19041.6456.cat	12436	1	2	raw-aahl	9564	0	9564	9564	0.000000	0	0	32	1
installer	unknown	CatRoot/{F750E6C3-38EE-11D1-85E5-00C04FC295EE}/Microsoft-Windows-RemoteFX-VM-Setup-merged-Package~31bf3856ad364e35~amd64~~10.0.19041.6456.cat	12436	1	0	bcj-base0	9564	5	9569	9564	0.052279	106	0	32	1
installer	unknown	CatRoot/{F750E6C3-38EE-11D1-85E5-00C04FC295EE}/Microsoft-Windows-RemoteFX-VM-Setup-merged-Package~31bf3856ad364e35~amd64~~10.0.19041.6456.cat	12436	1	1	bcj-base0	9564	5	9569	9564	0.052279	106	0	30	1
installer	unknown	CatRoot/{F750E6C3-38EE-11D1-85E5-00C04FC295EE}/Microsoft-Windows-RemoteFX-VM-Setup-merged-Package~31bf3856ad364e35~amd64~~10.0.19041.6456.cat	12436	1	2	bcj-base0	9564	5	9569	9564	0.052279	106	0	29	1
installer	unknown	CatRoot/{F750E6C3-38EE-11D1-85E5-00C04FC295EE}/Microsoft-Windows-RemoteFX-VM-Setup-merged-Package~31bf3856ad364e35~amd64~~10.0.19041.6456.cat	12436	1	0	bcj-x86	9566	5	9571	9564	0.073191	160	0	30	1
installer	unknown	CatRoot/{F750E6C3-38EE-11D1-85E5-00C04FC295EE}/Microsoft-Windows-RemoteFX-VM-Setup-merged-Package~31bf3856ad364e35~amd64~~10.0.19041.6456.cat	12436	1	1	bcj-x86	9566	5	9571	9564	0.073191	160	0	30	1
installer	unknown	CatRoot/{F750E6C3-38EE-11D1-85E5-00C04FC295EE}/Microsoft-Windows-RemoteFX-VM-Setup-merged-Package~31bf3856ad364e35~amd64~~10.0.19041.6456.cat	12436	1	2	bcj-x86	9566	5	9571	9564	0.073191	160	0	29	1
installer	unknown	CatRoot/{F750E6C3-38EE-11D1-85E5-00C04FC295EE}/Microsoft-Windows-RemoteFX-VM-Setup-merged-Package~31bf3856ad364e35~amd64~~10.0.19041.6456.cat	12436	1	0	bcj-x64	9574	5	9579	9564	0.156838	156	0	32	1
installer	unknown	CatRoot/{F750E6C3-38EE-11D1-85E5-00C04FC295EE}/Microsoft-Windows-RemoteFX-VM-Setup-merged-Package~31bf3856ad364e35~amd64~~10.0.19041.6456.cat	12436	1	1	bcj-x64	9574	5	9579	9564	0.156838	156	0	30	1
installer	unknown	CatRoot/{F750E6C3-38EE-11D1-85E5-00C04FC295EE}/Microsoft-Windows-RemoteFX-VM-Setup-merged-Package~31bf3856ad364e35~amd64~~10.0.19041.6456.cat	12436	1	2	bcj-x64	9574	5	9579	9564	0.156838	156	0	30	1
installer	unknown	CatRoot/{F750E6C3-38EE-11D1-85E5-00C04FC295EE}/Microsoft-Windows-RemoteFX-VM-Setup-merged-Package~31bf3856ad364e35~amd64~~10.0.19041.6456.cat	12436	1	0	xz-x86-9e	7248	0	7248	9564	-24.215809	0	0	21	1
installer	unknown	CatRoot/{F750E6C3-38EE-11D1-85E5-00C04FC295EE}/Microsoft-Windows-RemoteFX-VM-Setup-merged-Package~31bf3856ad364e35~amd64~~10.0.19041.6456.cat	12436	1	0	zstd-x86-19	7273	0	7273	9564	-23.954412	0	0	12	1
installer	unknown	CatRoot/{F750E6C3-38EE-11D1-85E5-00C04FC295EE}/Microsoft-Windows-UpdateTargeting-ClientOS-21h2-EKB-Wrapper-Package~31bf3856ad364e35~amd64~~10.0.19041.6466.cat	10102	1	0	raw-aahl	8085	0	8085	8085	0.000000	0	0	13	1
installer	unknown	CatRoot/{F750E6C3-38EE-11D1-85E5-00C04FC295EE}/Microsoft-Windows-UpdateTargeting-ClientOS-21h2-EKB-Wrapper-Package~31bf3856ad364e35~amd64~~10.0.19041.6466.cat	10102	1	1	raw-aahl	8085	0	8085	8085	0.000000	0	0	11	1
installer	unknown	CatRoot/{F750E6C3-38EE-11D1-85E5-00C04FC295EE}/Microsoft-Windows-UpdateTargeting-ClientOS-21h2-EKB-Wrapper-Package~31bf3856ad364e35~amd64~~10.0.19041.6466.cat	10102	1	2	raw-aahl	8085	0	8085	8085	0.000000	0	0	11	1
installer	unknown	CatRoot/{F750E6C3-38EE-11D1-85E5-00C04FC295EE}/Microsoft-Windows-UpdateTargeting-ClientOS-21h2-EKB-Wrapper-Package~31bf3856ad364e35~amd64~~10.0.19041.6466.cat	10102	1	0	bcj-base0	8084	5	8089	8085	0.049474	95	0	11	1
installer	unknown	CatRoot/{F750E6C3-38EE-11D1-85E5-00C04FC295EE}/Microsoft-Windows-UpdateTargeting-ClientOS-21h2-EKB-Wrapper-Package~31bf3856ad364e35~amd64~~10.0.19041.6466.cat	10102	1	1	bcj-base0	8084	5	8089	8085	0.049474	95	0	11	1
installer	unknown	CatRoot/{F750E6C3-38EE-11D1-85E5-00C04FC295EE}/Microsoft-Windows-UpdateTargeting-ClientOS-21h2-EKB-Wrapper-Package~31bf3856ad364e35~amd64~~10.0.19041.6466.cat	10102	1	2	bcj-base0	8084	5	8089	8085	0.049474	95	0	12	1
installer	unknown	CatRoot/{F750E6C3-38EE-11D1-85E5-00C04FC295EE}/Microsoft-Windows-UpdateTargeting-ClientOS-21h2-EKB-Wrapper-Package~31bf3856ad364e35~amd64~~10.0.19041.6466.cat	10102	1	0	bcj-x86	8084	5	8089	8085	0.049474	139	0	12	1
installer	unknown	CatRoot/{F750E6C3-38EE-11D1-85E5-00C04FC295EE}/Microsoft-Windows-UpdateTargeting-ClientOS-21h2-EKB-Wrapper-Package~31bf3856ad364e35~amd64~~10.0.19041.6466.cat	10102	1	1	bcj-x86	8084	5	8089	8085	0.049474	139	0	11	1
installer	unknown	CatRoot/{F750E6C3-38EE-11D1-85E5-00C04FC295EE}/Microsoft-Windows-UpdateTargeting-ClientOS-21h2-EKB-Wrapper-Package~31bf3856ad364e35~amd64~~10.0.19041.6466.cat	10102	1	2	bcj-x86	8084	5	8089	8085	0.049474	139	0	12	1
installer	unknown	CatRoot/{F750E6C3-38EE-11D1-85E5-00C04FC295EE}/Microsoft-Windows-UpdateTargeting-ClientOS-21h2-EKB-Wrapper-Package~31bf3856ad364e35~amd64~~10.0.19041.6466.cat	10102	1	0	bcj-x64	8090	5	8095	8085	0.123686	139	0	12	1
installer	unknown	CatRoot/{F750E6C3-38EE-11D1-85E5-00C04FC295EE}/Microsoft-Windows-UpdateTargeting-ClientOS-21h2-EKB-Wrapper-Package~31bf3856ad364e35~amd64~~10.0.19041.6466.cat	10102	1	1	bcj-x64	8090	5	8095	8085	0.123686	139	0	11	1
installer	unknown	CatRoot/{F750E6C3-38EE-11D1-85E5-00C04FC295EE}/Microsoft-Windows-UpdateTargeting-ClientOS-21h2-EKB-Wrapper-Package~31bf3856ad364e35~amd64~~10.0.19041.6466.cat	10102	1	2	bcj-x64	8090	5	8095	8085	0.123686	139	0	11	1
installer	unknown	CatRoot/{F750E6C3-38EE-11D1-85E5-00C04FC295EE}/Microsoft-Windows-UpdateTargeting-ClientOS-21h2-EKB-Wrapper-Package~31bf3856ad364e35~amd64~~10.0.19041.6466.cat	10102	1	0	xz-x86-9e	6540	0	6540	8085	-19.109462	0	0	20	1
installer	unknown	CatRoot/{F750E6C3-38EE-11D1-85E5-00C04FC295EE}/Microsoft-Windows-UpdateTargeting-ClientOS-21h2-EKB-Wrapper-Package~31bf3856ad364e35~amd64~~10.0.19041.6466.cat	10102	1	0	zstd-x86-19	6569	0	6569	8085	-18.750773	0	0	12	1
installer	unknown	CatRoot/{F750E6C3-38EE-11D1-85E5-00C04FC295EE}/Microsoft-Windows-UpdateTargeting-ClientOS-EKB-Wrapper-Package~31bf3856ad364e35~amd64~~10.0.19041.6466.cat	10131	1	0	raw-aahl	8115	0	8115	8115	0.000000	0	0	12	1
installer	unknown	CatRoot/{F750E6C3-38EE-11D1-85E5-00C04FC295EE}/Microsoft-Windows-UpdateTargeting-ClientOS-EKB-Wrapper-Package~31bf3856ad364e35~amd64~~10.0.19041.6466.cat	10131	1	1	raw-aahl	8115	0	8115	8115	0.000000	0	0	12	1
installer	unknown	CatRoot/{F750E6C3-38EE-11D1-85E5-00C04FC295EE}/Microsoft-Windows-UpdateTargeting-ClientOS-EKB-Wrapper-Package~31bf3856ad364e35~amd64~~10.0.19041.6466.cat	10131	1	2	raw-aahl	8115	0	8115	8115	0.000000	0	0	12	1
installer	unknown	CatRoot/{F750E6C3-38EE-11D1-85E5-00C04FC295EE}/Microsoft-Windows-UpdateTargeting-ClientOS-EKB-Wrapper-Package~31bf3856ad364e35~amd64~~10.0.19041.6466.cat	10131	1	0	bcj-base0	8114	5	8119	8115	0.049291	88	0	12	1
installer	unknown	CatRoot/{F750E6C3-38EE-11D1-85E5-00C04FC295EE}/Microsoft-Windows-UpdateTargeting-ClientOS-EKB-Wrapper-Package~31bf3856ad364e35~amd64~~10.0.19041.6466.cat	10131	1	1	bcj-base0	8114	5	8119	8115	0.049291	88	0	13	1
installer	unknown	CatRoot/{F750E6C3-38EE-11D1-85E5-00C04FC295EE}/Microsoft-Windows-UpdateTargeting-ClientOS-EKB-Wrapper-Package~31bf3856ad364e35~amd64~~10.0.19041.6466.cat	10131	1	2	bcj-base0	8114	5	8119	8115	0.049291	88	0	12	1
installer	unknown	CatRoot/{F750E6C3-38EE-11D1-85E5-00C04FC295EE}/Microsoft-Windows-UpdateTargeting-ClientOS-EKB-Wrapper-Package~31bf3856ad364e35~amd64~~10.0.19041.6466.cat	10131	1	0	bcj-x86	8112	5	8117	8115	0.024646	133	0	12	1
installer	unknown	CatRoot/{F750E6C3-38EE-11D1-85E5-00C04FC295EE}/Microsoft-Windows-UpdateTargeting-ClientOS-EKB-Wrapper-Package~31bf3856ad364e35~amd64~~10.0.19041.6466.cat	10131	1	1	bcj-x86	8112	5	8117	8115	0.024646	133	0	12	1
installer	unknown	CatRoot/{F750E6C3-38EE-11D1-85E5-00C04FC295EE}/Microsoft-Windows-UpdateTargeting-ClientOS-EKB-Wrapper-Package~31bf3856ad364e35~amd64~~10.0.19041.6466.cat	10131	1	2	bcj-x86	8112	5	8117	8115	0.024646	133	0	13	1
installer	unknown	CatRoot/{F750E6C3-38EE-11D1-85E5-00C04FC295EE}/Microsoft-Windows-UpdateTargeting-ClientOS-EKB-Wrapper-Package~31bf3856ad364e35~amd64~~10.0.19041.6466.cat	10131	1	0	bcj-x64	8122	5	8127	8115	0.147874	129	0	12	1
installer	unknown	CatRoot/{F750E6C3-38EE-11D1-85E5-00C04FC295EE}/Microsoft-Windows-UpdateTargeting-ClientOS-EKB-Wrapper-Package~31bf3856ad364e35~amd64~~10.0.19041.6466.cat	10131	1	1	bcj-x64	8122	5	8127	8115	0.147874	129	0	12	1
installer	unknown	CatRoot/{F750E6C3-38EE-11D1-85E5-00C04FC295EE}/Microsoft-Windows-UpdateTargeting-ClientOS-EKB-Wrapper-Package~31bf3856ad364e35~amd64~~10.0.19041.6466.cat	10131	1	2	bcj-x64	8122	5	8127	8115	0.147874	129	0	12	1
installer	unknown	CatRoot/{F750E6C3-38EE-11D1-85E5-00C04FC295EE}/Microsoft-Windows-UpdateTargeting-ClientOS-EKB-Wrapper-Package~31bf3856ad364e35~amd64~~10.0.19041.6466.cat	10131	1	0	xz-x86-9e	6548	0	6548	8115	-19.309920	0	0	20	1
installer	unknown	CatRoot/{F750E6C3-38EE-11D1-85E5-00C04FC295EE}/Microsoft-Windows-UpdateTargeting-ClientOS-EKB-Wrapper-Package~31bf3856ad364e35~amd64~~10.0.19041.6466.cat	10131	1	0	zstd-x86-19	6576	0	6576	8115	-18.964880	0	0	12	1
installer	amd64	DeviceUpdateCenterCsp.dll	170496	1	0	raw-aahl	104572	0	104572	104572	0.000000	0	0	1007	1
installer	amd64	DeviceUpdateCenterCsp.dll	170496	1	1	raw-aahl	104572	0	104572	104572	0.000000	0	0	997	1
installer	amd64	DeviceUpdateCenterCsp.dll	170496	1	2	raw-aahl	104572	0	104572	104572	0.000000	0	0	992	1
installer	amd64	DeviceUpdateCenterCsp.dll	170496	1	0	bcj-base0	104851	5	104856	104572	0.271583	7338	0	998	1
installer	amd64	DeviceUpdateCenterCsp.dll	170496	1	1	bcj-base0	104851	5	104856	104572	0.271583	7338	0	997	1
installer	amd64	DeviceUpdateCenterCsp.dll	170496	1	2	bcj-base0	104851	5	104856	104572	0.271583	7338	0	1000	1
installer	amd64	DeviceUpdateCenterCsp.dll	170496	1	0	bcj-x86	105221	5	105226	104572	0.625406	8114	0	994	1
installer	amd64	DeviceUpdateCenterCsp.dll	170496	1	1	bcj-x86	105221	5	105226	104572	0.625406	8114	0	1017	1
installer	amd64	DeviceUpdateCenterCsp.dll	170496	1	2	bcj-x86	105221	5	105226	104572	0.625406	8114	0	1014	1
installer	amd64	DeviceUpdateCenterCsp.dll	170496	1	0	bcj-x64	106030	5	106035	104572	1.399036	8981	0	1014	1
installer	amd64	DeviceUpdateCenterCsp.dll	170496	1	1	bcj-x64	106030	5	106035	104572	1.399036	8981	0	1018	1
installer	amd64	DeviceUpdateCenterCsp.dll	170496	1	2	bcj-x64	106030	5	106035	104572	1.399036	8981	0	1017	1
installer	amd64	DeviceUpdateCenterCsp.dll	170496	1	0	xz-x86-9e	70348	0	70348	104572	-32.727690	0	0	75	1
installer	amd64	DeviceUpdateCenterCsp.dll	170496	1	0	zstd-x86-19	76290	0	76290	104572	-27.045481	0	0	53	1
installer	i386	DriverStore/FileRepository/lms.inf_amd64_a55aa2cd52a3429d/FWUpdateLib_18.dll	2630848	3	0	raw-aahl	439270	0	439270	439270	0.000000	0	0	8303	1
installer	i386	DriverStore/FileRepository/lms.inf_amd64_a55aa2cd52a3429d/FWUpdateLib_18.dll	2630848	3	1	raw-aahl	439270	0	439270	439270	0.000000	0	0	8403	1
installer	i386	DriverStore/FileRepository/lms.inf_amd64_a55aa2cd52a3429d/FWUpdateLib_18.dll	2630848	3	2	raw-aahl	439270	0	439270	439270	0.000000	0	0	8453	1
installer	i386	DriverStore/FileRepository/lms.inf_amd64_a55aa2cd52a3429d/FWUpdateLib_18.dll	2630848	3	0	bcj-base0	441556	5	441561	439270	0.521547	56880	8	8365	1
installer	i386	DriverStore/FileRepository/lms.inf_amd64_a55aa2cd52a3429d/FWUpdateLib_18.dll	2630848	3	1	bcj-base0	441556	5	441561	439270	0.521547	56880	10	8267	1
installer	i386	DriverStore/FileRepository/lms.inf_amd64_a55aa2cd52a3429d/FWUpdateLib_18.dll	2630848	3	2	bcj-base0	441556	5	441561	439270	0.521547	56880	10	8300	1
installer	i386	DriverStore/FileRepository/lms.inf_amd64_a55aa2cd52a3429d/FWUpdateLib_18.dll	2630848	3	0	bcj-x86	442765	5	442770	439270	0.796776	58874	10	8245	1
installer	i386	DriverStore/FileRepository/lms.inf_amd64_a55aa2cd52a3429d/FWUpdateLib_18.dll	2630848	3	1	bcj-x86	442765	5	442770	439270	0.796776	58874	10	8307	1
installer	i386	DriverStore/FileRepository/lms.inf_amd64_a55aa2cd52a3429d/FWUpdateLib_18.dll	2630848	3	2	bcj-x86	442765	5	442770	439270	0.796776	58874	10	8415	1
installer	i386	DriverStore/FileRepository/lms.inf_amd64_a55aa2cd52a3429d/FWUpdateLib_18.dll	2630848	3	0	bcj-x64	439555	5	439560	439270	0.066019	68297	10	8348	1
installer	i386	DriverStore/FileRepository/lms.inf_amd64_a55aa2cd52a3429d/FWUpdateLib_18.dll	2630848	3	1	bcj-x64	439555	5	439560	439270	0.066019	68297	10	8384	1
installer	i386	DriverStore/FileRepository/lms.inf_amd64_a55aa2cd52a3429d/FWUpdateLib_18.dll	2630848	3	2	bcj-x64	439555	5	439560	439270	0.066019	68297	11	8416	1
installer	i386	DriverStore/FileRepository/lms.inf_amd64_a55aa2cd52a3429d/FWUpdateLib_18.dll	2630848	3	0	xz-x86-9e	245984	0	245984	439270	-44.001639	0	0	1463	1
installer	i386	DriverStore/FileRepository/lms.inf_amd64_a55aa2cd52a3429d/FWUpdateLib_18.dll	2630848	3	0	zstd-x86-19	280436	0	280436	439270	-36.158627	0	0	204	1
